Date,Route,Rating,Notes,URL,Pitches,Location,"Avg Stars","Your Stars",Style,"Lead Style","Route Type","Your Rating",Length,"Rating Code"
2023-07-23,"Rice Krispies",5.10b,,https://www.mountainproject.com/route/107527051/rice-krispies,1,"Washington > Central-West Cascades & Seattle > Skykomish Valley > Index > Lookout Point Area > Lookout Point > (b) Central Area",2.9,-1,TR,,Trad,,60,2900
2023-07-23,"Baby Tapir",5.11a,,https://www.mountainproject.com/route/107526961/baby-tapir,1,"Washington > Central-West Cascades & Seattle > Skykomish Valley > Index > Lookout Point Area > Lookout Point > (b) Central Area",2.6,3,TR,,Trad,5.11a,60,4600
2023-07-23,"An Act of Strange Boar",5.10d,,https://www.mountainproject.com/route/107527007/an-act-of-strange-boar,1,"Washington > Central-West Cascades & Seattle > Skykomish Valley > Index > Lookout Point Area > Lookout Point > (b) Central Area",3.8,3,TR,,Trad,5.10d,100,3500
2023-07-23,"An Act of Strange Boar",5.10d,"Took above the .3 crux. ",https://www.mountainproject.com/route/107527007/an-act-of-strange-boar,1,"Washington > Central-West Cascades & Seattle > Skykomish Valley > Index > Lookout Point Area > Lookout Point > (b) Central Area",3.8,3,Lead,Fell/Hung,Trad,5.10d,100,3500
2023-07-23,"Leeper's Z Corner",5.7,"Syd lead this to the proper anchor. ",https://www.mountainproject.com/route/108154702/leepers-z-corner,1,"Washington > Central-West Cascades & Seattle > Skykomish Valley > Index > Lookout Point Area > Hag Crag",2.8,-1,Follow,,"Trad, TR",,90,1800
2023-07-23,"Leggo Arete",V2-,,https://www.mountainproject.com/route/109177010/leggo-arete,1,"Washington > Central-West Cascades & Seattle > Skykomish Valley > Index > ** Bouldering at Index > River Boulders > Leggo my Ego Boulder",2.7,-1,Flash,,Boulder,,,20170
2023-07-23,"28 Beers Later",5.10+,"Bad beta, pretty cool.",https://www.mountainproject.com/route/118950148/28-beers-later,1,"Washington > Central-West Cascades & Seattle > Skykomish Valley > Index > Lookout Point Area > Lookout Point > (a) West Side",3.2,-1,Lead,Fell/Hung,"Sport, TR",,50,3300
2023-07-22,"The Velvet Pedestal",5.10a,"I did a full 70m pitch with a doubles 2–.3, no wires. ",https://www.mountainproject.com/route/110517234/the-velvet-pedestal,3,"Washington > Central-West Cascades & Seattle > Skykomish Valley > Index > Lookout Point Area > Lookout Point > (a) West Side",3.0,-1,Lead,Onsight,Trad,,250,2600
2023-07-22,"Peanuts To Serve You",5.9,"Bumped a single four ",https://www.mountainproject.com/route/106457326/peanuts-to-serve-you,1,"Washington > Central-West Cascades & Seattle > Skykomish Valley > Index > Lookout Point Area > Lookout Point > (a) West Side",3.4,-1,Lead,Onsight,Trad,,70,2400
2023-07-22,"Chasin' the Lizard",5.10a,"Bring 2 4s to make it feel good. ",https://www.mountainproject.com/route/106362583/chasin-the-lizard,1,"Washington > Central-West Cascades & Seattle > Skykomish Valley > Index > Lookout Point Area > Rattletale Wall",3.1,-1,,,Trad,,150,2600
2023-07-19,"Stihl Drum",5.11a,"Really big jump",https://www.mountainproject.com/route/122729868/stihl-drum,1,"Washington > Central-West Cascades & Seattle > Skykomish Valley > Index > Middle Town Walls > The Rhythm Cliff > Lower Rhythm",2.3,-1,Lead,Fell/Hung,Trad,,45,4600
2023-07-19,PBR,5.10b,,https://www.mountainproject.com/route/108140143/pbr,1,"Washington > Central-West Cascades & Seattle > Skykomish Valley > Index > Middle Town Walls > Mid Wall",3.6,-1,TR,,Trad,,100,2900
2023-07-19,"Plum Pudding",5.9,"Two .5s, three .4s and a .3.",https://www.mountainproject.com/route/106386419/plum-pudding,1,"Washington > Central-West Cascades & Seattle > Skykomish Valley > Index > Middle Town Walls > Mid Wall",3.4,-1,Lead,Redpoint,Trad,,70,2400
2023-07-19,"Stems & Valleys",5.11-,"Clean, it was fun. ",https://www.mountainproject.com/route/108269608/stems-valleys,1,"Washington > Central-West Cascades & Seattle > Skykomish Valley > Index > Middle Town Walls > Mid Wall",2.4,3,TR,,Trad,5.11a,60,4700
2023-07-19,Flippo,5.10b/c,"Fun. Not to bad at all. ",https://www.mountainproject.com/route/107727136/flippo,1,"Washington > Central-West Cascades & Seattle > Skykomish Valley > Index > Middle Town Walls > Mid Wall",2.8,3,TR,,Trad,5.10b,60,3100
2023-07-19,"MW crack",5.11a,,https://www.mountainproject.com/route/113428771/mw-crack,1,"Washington > Central-West Cascades & Seattle > Skykomish Valley > Index > Middle Town Walls > Mid Wall",2.6,-1,TR,,"Trad, TR",,25,4600
2023-07-19,"MW crack",5.11a,"Blew off standing onto a high foot to acquire the pinky down lock at the top of the route. .3, .2, .4. ",https://www.mountainproject.com/route/113428771/mw-crack,1,"Washington > Central-West Cascades & Seattle > Skykomish Valley > Index > Middle Town Walls > Mid Wall",2.6,-1,Lead,Fell/Hung,"Trad, TR",,25,4600
2023-07-19,"Stihl Guitar",5.10b,,https://www.mountainproject.com/route/122729764/stihl-guitar,1,"Washington > Central-West Cascades & Seattle > Skykomish Valley > Index > Middle Town Walls > The Rhythm Cliff > Lower Rhythm",2.3,-1,Lead,Onsight,Trad,,60,2900
2023-07-18,"Majora's Mask",V2,"This thing was incredibly hard on a 90 degree day.",https://www.mountainproject.com/route/121318682/majoras-mask,1,"Washington > Central-West Cascades & Seattle > Skykomish Valley > Index > ** Bouldering at Index > Zelda Boulders > Majora Boulder",2.0,-1,,,Boulder,,11,20200
2023-07-18,"Open Book Corner",V1,,https://www.mountainproject.com/route/117375383/open-book-corner,1,"Washington > Central-West Cascades & Seattle > Skykomish Valley > Index > ** Bouldering at Index > Zelda Boulders > Open Book Boulder",2.3,3,Flash,,Boulder,V2,,20100
2023-07-18,"Scoop Slab",V1,"Had a bit of a running start",https://www.mountainproject.com/route/117375431/scoop-slab,1,"Washington > Central-West Cascades & Seattle > Skykomish Valley > Index > ** Bouldering at Index > Zelda Boulders > Open Book Boulder",2.3,-1,Flash,,Boulder,,,20100
2023-07-18,"Roof Crack Left",V0,,https://www.mountainproject.com/route/117614062/roof-crack-left,1,"Washington > Central-West Cascades & Seattle > Skykomish Valley > Index > ** Bouldering at Index > Zelda Boulders > Open Book Boulder",2.2,-1,Flash,,Boulder,,,20008
2023-07-18,"Even Steven",5.11b,,https://www.mountainproject.com/route/105791090/even-steven,1,"Washington > Central-West Cascades & Seattle > Skykomish Valley > Index > Inner Walls > Toxic - Tang Area",3.7,-1,TR,,Trad,,,4900
2023-07-18,"Roadside Floral Curtain",5.12b,"Difficult throughout, with the first boulder being off the deck. ",https://www.mountainproject.com/route/106311353/roadside-floral-curtain,1,"Washington > Central-West Cascades & Seattle > Skykomish Valley > Index > Inner Walls > Toxic - Tang Area",3.6,-1,TR,,Sport,,100,6900
2023-07-16,"Slice of Cake",V7-,"Hard moves down low",https://www.mountainproject.com/route/111864175/slice-of-cake,1,"Washington > Central-East Cascades, Wenatchee, & Leavenworth > Leavenworth > Icicle Creek > ** Bouldering in Icicle Creek > Barney's Rubble",3.0,-1,Attempt,,Boulder,,,20670
2023-07-16,"The Hesitator",V2,Hesitated,https://www.mountainproject.com/route/108160639/the-hesitator,1,"Washington > Central-East Cascades, Wenatchee, & Leavenworth > Leavenworth > Icicle Creek > ** Bouldering in Icicle Creek > Barney's Rubble",3.5,-1,Attempt,,Boulder,,16,20200
2023-07-16,"Tree Crack",V1-2,,https://www.mountainproject.com/route/108160659/tree-crack,1,"Washington > Central-East Cascades, Wenatchee, & Leavenworth > Leavenworth > Icicle Creek > ** Bouldering in Icicle Creek > Barney's Rubble",2.6,-1,Flash,,Boulder,,15,20150
2023-07-15,"Working Man",5.11,"Rad, finish is what prevents it being excellent ",https://www.mountainproject.com/route/108147667/working-man,1,"Washington > Central-West Cascades & Seattle > Skykomish Valley > Index > Inner Walls > Foodbar Wall",2.8,3,Lead,Fell/Hung,Trad,5.11c,,5000
2023-07-15,"Humpback Humpback Humpback Whale",5.10b,,https://www.mountainproject.com/route/113482156/humpback-humpback-humpback-whale,1,"Washington > Central-West Cascades & Seattle > Skykomish Valley > Index > Inner Walls > Foodbar Wall",2.7,-1,Lead,Onsight,Trad,,80,2900
2023-07-14,"The Joker",5.10a/b,,https://www.mountainproject.com/route/107121934/the-joker,1,"Washington > Central-West Cascades & Seattle > North Bend & Vicinity > Exit 38 > Deception Crags > We Did Rock",1.9,-1,Lead,Onsight,Sport,,30,2800
2023-07-14,"My X Wife (Short and Easy)",5.10a,,https://www.mountainproject.com/route/107258485/my-x-wife-short-and-easy,1,"Washington > Central-West Cascades & Seattle > North Bend & Vicinity > Exit 38 > Deception Crags > We Did Rock",1.9,-1,Lead,Onsight,Sport,,30,2600
2023-07-14,Negatherion,5.11b,,https://www.mountainproject.com/route/105793325/negatherion,1,"Washington > Central-West Cascades & Seattle > North Bend & Vicinity > Exit 38 > Deception Crags > Nevermind Wall",2.8,-1,Lead,Fell/Hung,Sport,,55,4900
2023-07-14,Powerless,5.10c,,https://www.mountainproject.com/route/106887446/powerless,1,"Washington > Central-West Cascades & Seattle > North Bend & Vicinity > Exit 38 > Deception Crags > Nevermind Wall",2.2,-1,Lead,Onsight,Sport,,45,3200
2023-07-13,"Diminishing Returns",5.11b,"Kenny lead. Clean follow",https://www.mountainproject.com/route/105742127/diminishing-returns,1,"Utah > Wasatch Range > Central Wasatch > Big Cottonwood Canyon > Challenge Buttress > North and West Faces",2.1,-1,TR,,Trad,,50,4900
2023-07-13,"Golden Bucket",5.10a,"I stemmed the crux instead of laybacking into a jam in the left crack. My beta felt much harder than 10a. Look at the roof before climbing again.  ",https://www.mountainproject.com/route/113482015/golden-bucket,1,"Washington > Central-West Cascades & Seattle > Skykomish Valley > Index > Inner Walls > Foodbar Wall",3.4,-1,Lead,Onsight,Trad,,80,2600
2023-07-13,"Agent Orange",5.11c,"Patrick hung a rope and had his first top rope send! I followed and slipped off on the mega right hand cross into the pinky down lock right before the chains. ",https://www.mountainproject.com/route/107819526/agent-orange,1,"Washington > Central-West Cascades & Seattle > Skykomish Valley > Index > Inner Walls > Grandeur Buttress",3.1,-1,TR,,"Trad, TR",,70,5200
2023-07-12,"Even Steven",5.11b,"Fitness lap.",https://www.mountainproject.com/route/105791090/even-steven,1,"Washington > Central-West Cascades & Seattle > Skykomish Valley > Index > Inner Walls > Toxic - Tang Area",3.7,-1,TR,,Trad,,,4900
2023-07-12,"Even Steven",5.11b,"One hung at the endurance crux, (right hand jam to a high left pocket). I top roped the route in 2019, and I recall having a similar experience.

Rack: singles .2-3, double up on .3 to sew it up. ",https://www.mountainproject.com/route/105791090/even-steven,1,"Washington > Central-West Cascades & Seattle > Skykomish Valley > Index > Inner Walls > Toxic - Tang Area",3.7,-1,Lead,Fell/Hung,Trad,,,4900
2023-07-10,"Hogum's Heroes",5.11b,"Kenny and I started at 7:30am and returned around 8:30pm. 13hrs. The crux was lots snow and choss, as encountered on the descent. I lead odd pitches, and battled for the onsight until the end where I hung on a z4 0 on P5. Route finding isn’t obvious, but generally excellent climbing after P1 (which is definitely R, but felt manageable).",https://www.mountainproject.com/route/105840529/hogums-heroes,5,"Utah > Wasatch Range > Central Wasatch > Little Cottonwood Canyon > Hogum Fork",3.6,3,Lead,Fell/Hung,"Trad, Alpine","5.11a R",750,4900
2023-07-08,"Split Seam","5.10a R","Cleaned. ",https://www.mountainproject.com/route/111828809/split-seam,1,"Utah > Wasatch Range > Central Wasatch > Big Cottonwood Canyon > Challenge Buttress > North and West Faces",2.8,-1,TR,,Trad,,60,2600
2023-07-08,"Better than Bitter",5.10b/c,Fun,https://www.mountainproject.com/route/105741473/better-than-bitter,1,"Utah > Wasatch Range > Central Wasatch > Big Cottonwood Canyon > Challenge Buttress > North and West Faces",3.1,-1,Lead,Onsight,Sport,,80,3100
2023-07-05,"Thin Red Line",5.12,"I lead first and Bailey lead 2+3. I slipped unclipping the second pin on p2 and blew the onsight. P3 was wet locks but dry stemming. Rock was excellent. I will be back.",https://www.mountainproject.com/route/108257819/thin-red-line,3,"Washington > Northwest Region > Hwy 20 and North Cascades National Park > North Cascades > Washington Pass > Liberty Bell Group > Liberty Bell",4.0,-1,,,"Trad, Alpine",,1100,7000
2023-07-03,"French Kiss aka Make Out",5.12b,"Great climbing ",https://www.mountainproject.com/route/113676303/french-kiss-aka-make-out,1,"Washington > Okanogan > Mazama > Fun (Phun) Rocks > (d) Squirrelhouse Rock",3.3,-1,Lead,Fell/Hung,Sport,,60,6900
2023-07-03,Rhinoplasty,5.10,,https://www.mountainproject.com/route/108185589/rhinoplasty,1,"Washington > Okanogan > Mazama > Fun (Phun) Rocks > (e) Rhinozone",2.6,-1,Lead,Onsight,Sport,,70,3000
2023-07-03,"Extended Conversion",5.10a,,https://www.mountainproject.com/route/108185613/extended-conversion,1,"Washington > Okanogan > Mazama > Fun (Phun) Rocks > (e) Rhinozone",2.5,-1,Lead,Onsight,Sport,,80,2600
2023-07-03,Toupee,5.11-,"Hot and dirty with spiders",https://www.mountainproject.com/route/106513165/toupee,1,"Washington > Okanogan > Mazama > Fun (Phun) Rocks > (c) K-9 Crag",2.8,-1,Lead,Fell/Hung,Sport,,35,4700
2023-07-03,"Bigwig (Salon Finish)",5.11b,,https://www.mountainproject.com/route/111895915/bigwig-salon-finish,1,"Washington > Okanogan > Mazama > Fun (Phun) Rocks > (c) K-9 Crag",3.2,-1,TR,,Sport,,80,4900
2023-07-03,"Doggy Stylin' (Short)",5.11c,"Hung redirect from Steve houses neighboring 11. Hung once due to bad beta.",https://www.mountainproject.com/route/106513012/doggy-stylin-short,1,"Washington > Okanogan > Mazama > Fun (Phun) Rocks > (c) K-9 Crag",3.0,-1,TR,,Sport,,45,5200
2023-07-03,"Dog House",5.11b,"Pulled rope, after I fell at the 4th draw crux, and did the same thing for a second time. Good route, and intro to limestone slab movement after some time away. ",https://www.mountainproject.com/route/107170939/dog-house,1,"Washington > Okanogan > Mazama > Fun (Phun) Rocks > (c) K-9 Crag",2.3,-1,Lead,Fell/Hung,Sport,,60,4900
2023-07-03,"Puppy Chow",5.10d,,https://www.mountainproject.com/route/122518868/puppy-chow,1,"Washington > Okanogan > Mazama > Fun (Phun) Rocks > (c) K-9 Crag",1.8,-1,Lead,Onsight,Sport,,,3500
2023-07-03,"Simon Says",5.10b/c,,https://www.mountainproject.com/route/107250614/simon-says,1,"Washington > Okanogan > Mazama > Fun (Phun) Rocks > (c) K-9 Crag",2.3,-1,Lead,Onsight,Sport,,45,3100
2023-06-30,"Northwest Corner (a.k.a. Boving-Pollack Route)",5.9,"Lead P1 to an anchor location a bit more right than we wanted. Mason lead P2 through the zig zag flakes, and I lead P3 to the summit block. About a 6 hour day. Performed a super efficient rapping of the face with the neighboring party climbing west face.",https://www.mountainproject.com/route/105792199/northwest-corner-aka-boving-pollack-route,4,"Washington > Northwest Region > Hwy 20 and North Cascades National Park > North Cascades > Washington Pass > Liberty Bell Group > North Early Winter Spire",3.5,-1,Lead,Onsight,"Trad, Alpine",,500,2400
2023-06-29,"Southwest Rib",5.8,"Lead: p1, p3-5 linked, p7. Mason did the rest. Just less than 1hr on approach and 40min descent. 5hr 40min car to car.",https://www.mountainproject.com/route/106416669/southwest-rib,7,"Washington > Northwest Region > Hwy 20 and North Cascades National Park > North Cascades > Washington Pass > Liberty Bell Group > South Early Winters Spire",3.4,-1,Lead,Onsight,"Trad, Alpine",,900,2100
2023-06-28,"Just say no to Frank Sinatra",5.11b/c,"Hung rope off Frank Presley ",https://www.mountainproject.com/route/105805764/just-say-no-to-frank-sinatra,1,"Washington > Central-West Cascades & Seattle > Skykomish Valley > Index > The Country Area > (c) The Country",2.6,-1,TR,,Trad,,100,5100
2023-06-28,"Frank Presley",5.11a,"That thumb press into the bread loaf. ",https://www.mountainproject.com/route/105808027/frank-presley,1,"Washington > Central-West Cascades & Seattle > Skykomish Valley > Index > The Country Area > (c) The Country",2.6,-1,Lead,Fell/Hung,Sport,,90,4600
2023-06-28,Supermodel,5.11+,"This thing was a monster in the sun.",https://www.mountainproject.com/route/121249207/supermodel,1,"Washington > Central-West Cascades & Seattle > Skykomish Valley > Index > Lower Town Wall > (C) Main Wall, left side",3.2,-1,TR,,Trad,,60,5300
2023-06-28,"Iron Horse",5.11d,"Hung rope off sag, fired to the compression locks above the pin. Cranked bad bets into the eventual restful mono undercling. Had to take a few times figuring out the boulder, but unlocked nicely. The next section of crack is chill, but one more punch into the mini stem box.",https://www.mountainproject.com/route/105903139/iron-horse,1,"Washington > Central-West Cascades & Seattle > Skykomish Valley > Index > Lower Town Wall > (C) Main Wall, left side",3.8,-1,TR,,Trad,,120,5500
2023-06-28,Sagittarius,5.10b,"Send revoked. Slipped out of the flare.",https://www.mountainproject.com/route/105796710/sagittarius,1,"Washington > Central-West Cascades & Seattle > Skykomish Valley > Index > Lower Town Wall > (C) Main Wall, left side",3.6,-1,Lead,Fell/Hung,Trad,,90,2900
2023-06-28,"Model Worker",5.11c,"Fell at dyno, pulled rope and proceeded to do the same thing.. it’s truly at my limit, conditions are vital.",https://www.mountainproject.com/route/105814991/model-worker,1,"Washington > Central-West Cascades & Seattle > Skykomish Valley > Index > Lower Town Wall > (C) Main Wall, left side",3.5,4,Lead,Fell/Hung,Trad,5.11c,120,5200
2023-06-28,"Princely Ambitions",5.9,,https://www.mountainproject.com/route/105790710/princely-ambitions,1,"Washington > Central-West Cascades & Seattle > Skykomish Valley > Index > Lower Town Wall > (C) Main Wall, left side",3.6,-1,Lead,Redpoint,Trad,,,2400
2023-06-27,"Model Worker",5.11c,"One hung.",https://www.mountainproject.com/route/105814991/model-worker,1,"Washington > Central-West Cascades & Seattle > Skykomish Valley > Index > Lower Town Wall > (C) Main Wall, left side",3.5,4,Lead,Fell/Hung,Trad,5.11c,120,5200
2023-06-27,"Princely Ambitions",5.9,,https://www.mountainproject.com/route/105790710/princely-ambitions,1,"Washington > Central-West Cascades & Seattle > Skykomish Valley > Index > Lower Town Wall > (C) Main Wall, left side",3.6,-1,Lead,Redpoint,Trad,,,2400
2023-06-25,Godzilla,5.9,"20th bday pitch. Last pitch, and the 26th pitch of the weekend. ",https://www.mountainproject.com/route/105790717/godzilla,1,"Washington > Central-West Cascades & Seattle > Skykomish Valley > Index > Lower Town Wall > (C) Main Wall, left side",3.8,-1,TR,,Trad,,105,2400
2023-06-25,Godzilla,5.9,"19th bday pitch.",https://www.mountainproject.com/route/105790717/godzilla,1,"Washington > Central-West Cascades & Seattle > Skykomish Valley > Index > Lower Town Wall > (C) Main Wall, left side",3.8,-1,TR,,Trad,,105,2400
2023-06-25,Godzilla,5.9,"18th bday pitch",https://www.mountainproject.com/route/105790717/godzilla,1,"Washington > Central-West Cascades & Seattle > Skykomish Valley > Index > Lower Town Wall > (C) Main Wall, left side",3.8,-1,TR,,Trad,,105,2400
2023-06-25,Godzilla,5.9,"17 bday pitch.",https://www.mountainproject.com/route/105790717/godzilla,1,"Washington > Central-West Cascades & Seattle > Skykomish Valley > Index > Lower Town Wall > (C) Main Wall, left side",3.8,-1,TR,,Trad,,105,2400
2023-06-25,Godzilla,5.9,"More of a grey point, I’ve definitely climbed this thing in 2019. This was my 16th bday pitch.",https://www.mountainproject.com/route/105790717/godzilla,1,"Washington > Central-West Cascades & Seattle > Skykomish Valley > Index > Lower Town Wall > (C) Main Wall, left side",3.8,-1,Lead,Onsight,Trad,,105,2400
2023-06-25,"Jane Goodall",5.11-,"Blew the onsight by grabbing a draw for my 15th Bday pitch. Overall, great route and very approachable at 11-. (Soft)",https://www.mountainproject.com/route/113027093/jane-goodall,1,"Washington > Central-West Cascades & Seattle > Skykomish Valley > Index > Lookout Point Area > Rattletale Wall",3.0,-1,Lead,Fell/Hung,Sport,,70,4700
2023-06-25,Rattletale,5.10b,"Bday pitch 13, I climbed the unknown bolted face to the left of the first pitch of rattletale. Bday pitch 14 was the second pitch of rattletale.",https://www.mountainproject.com/route/106204435/rattletale,2,"Washington > Central-West Cascades & Seattle > Skykomish Valley > Index > Lookout Point Area > Rattletale Wall",3.8,-1,,,Trad,,,2900
2023-06-25,Rattletale,5.10b,"Bday pitches 11 and 12. Linked them together, an epic 40m pitch.",https://www.mountainproject.com/route/106204435/rattletale,2,"Washington > Central-West Cascades & Seattle > Skykomish Valley > Index > Lookout Point Area > Rattletale Wall",3.8,-1,Lead,Redpoint,Trad,,,2900
2023-06-25,Istanbul,5.9,"Bday pitch 10, swung over to the anchor from wild Turkey.",https://www.mountainproject.com/route/108126849/istanbul,1,"Washington > Central-West Cascades & Seattle > Skykomish Valley > Index > Lookout Point Area > Private Idaho",2.2,-1,TR,,"Trad, TR",,,2400
2023-06-25,"Wild Turkey",5.7,"Bday pitch 9. Followed mason.",https://www.mountainproject.com/route/111859955/wild-turkey,1,"Washington > Central-West Cascades & Seattle > Skykomish Valley > Index > Lookout Point Area > Private Idaho",3.0,-1,Follow,,"Trad, TR",,100,1800
2023-06-25,Eraserhead,5.11,"Bday pitch 8. This thing is a world class sandbag",https://www.mountainproject.com/route/106496229/eraserhead,1,"Washington > Central-West Cascades & Seattle > Skykomish Valley > Index > Lookout Point Area > Private Idaho",3.1,-1,Lead,Fell/Hung,Sport,,70,5000
2023-06-25,"Free Cat",5.10d,"Bday pitch 7.",https://www.mountainproject.com/route/108265996/free-cat,1,"Washington > Central-West Cascades & Seattle > Skykomish Valley > Index > Lookout Point Area > Hag Crag",2.5,-1,TR,,"Sport, TR",,,3500
2023-06-25,"Leeper's Z Corner",5.7,"Cleaned for mason; bday pitch 6",https://www.mountainproject.com/route/108154702/leepers-z-corner,1,"Washington > Central-West Cascades & Seattle > Skykomish Valley > Index > Lookout Point Area > Hag Crag",2.8,-1,Follow,,"Trad, TR",,90,1800
2023-06-25,"A Good Place to Find Frogs",5.6,"Bday pitch 5",https://www.mountainproject.com/route/122614451/a-good-place-to-find-frogs,1,"Washington > Central-West Cascades & Seattle > Skykomish Valley > Index > Lookout Point Area > Hag Crag",2.3,-1,TR,,"Trad, TR",,75,1600
2023-06-25,"Game On",5.11b,"Bday pitch 4",https://www.mountainproject.com/route/113723135/game-on,1,"Washington > Central-West Cascades & Seattle > Skykomish Valley > Index > Lookout Point Area > Hag Crag",2.9,-1,TR,,"Sport, TR",,110,4900
2023-06-25,"The Bergshrund",5.6,"Bday pitch 3",https://www.mountainproject.com/route/123096943/the-bergshrund,1,"Washington > Central-West Cascades & Seattle > Skykomish Valley > Index > Lookout Point Area > Hag Crag",2.2,-1,TR,,"Trad, TR",,70,1600
2023-06-25,"Magician's Apprentice",5.7,"Bday pitch 2",https://www.mountainproject.com/route/114563458/magicians-apprentice,1,"Washington > Central-West Cascades & Seattle > Skykomish Valley > Index > Lookout Point Area > Hag Crag",2.1,-1,Lead,Onsight,"Trad, TR",,70,1800
2023-06-25,"Those Two Hummingbirds Who Never Met",5.9,"Bday pitch 1",https://www.mountainproject.com/route/121083831/those-two-hummingbirds-who-never-met,1,"Washington > Central-West Cascades & Seattle > Skykomish Valley > Index > Lookout Point Area > Hag Crag",3.0,-1,Lead,Onsight,"Trad, TR",,70,2400
2023-06-24,"Aries (aka The Lizard)",5.8+,,https://www.mountainproject.com/route/105793821/aries-aka-the-lizard,1,"Washington > Central-West Cascades & Seattle > Skykomish Valley > Index > Lower Town Wall > (A) Great Northern Slab",3.1,-1,,,Trad,,250,2200
2023-06-24,"Great Northern Slab",5.7,"Micro traxed",https://www.mountainproject.com/route/105790657/great-northern-slab,3,"Washington > Central-West Cascades & Seattle > Skykomish Valley > Index > Lower Town Wall > (A) Great Northern Slab",3.0,-1,TR,,Trad,,250,1800
2023-06-24,"Libra Crack",5.10a/b,"Micro traxed ",https://www.mountainproject.com/route/105795777/libra-crack,1,"Washington > Central-West Cascades & Seattle > Skykomish Valley > Index > Lower Town Wall > (A) Great Northern Slab",3.0,-1,,,Trad,,40,2800
2023-06-24,"Aries (aka The Lizard)",5.8+,"Rope solo lead",https://www.mountainproject.com/route/105793821/aries-aka-the-lizard,2,"Washington > Central-West Cascades & Seattle > Skykomish Valley > Index > Lower Town Wall > (A) Great Northern Slab",3.1,-1,Lead,Onsight,Trad,,250,2200
2023-06-24,Pisces,5.6,"Rope solo lead",https://www.mountainproject.com/route/106620653/pisces,1,"Washington > Central-West Cascades & Seattle > Skykomish Valley > Index > Lower Town Wall > (A) Great Northern Slab",3.3,-1,Lead,Redpoint,Trad,,65,1600
2023-06-22,Pisces,5.6,"Syd wants this to be her first lead",https://www.mountainproject.com/route/106620653/pisces,1,"Washington > Central-West Cascades & Seattle > Skykomish Valley > Index > Lower Town Wall > (A) Great Northern Slab",3.3,-1,Lead,Onsight,Trad,,65,1600
2023-06-22,"Thin Fingers",5.11a,"Got it clean on top rope.",https://www.mountainproject.com/route/105805741/thin-fingers,1,"Washington > Central-West Cascades & Seattle > Skykomish Valley > Index > Lower Town Wall > (D) Narrow Arrow and further right",3.8,-1,TR,,Trad,,120,4600
2023-06-22,"Thin Fingers",5.11a,"Fell at boulder problem. ",https://www.mountainproject.com/route/105805741/thin-fingers,1,"Washington > Central-West Cascades & Seattle > Skykomish Valley > Index > Lower Town Wall > (D) Narrow Arrow and further right",3.8,-1,Lead,Fell/Hung,Trad,,120,4600
2023-06-22,Tatoosh,5.10b,,https://www.mountainproject.com/route/106171292/tatoosh,1,"Washington > Central-West Cascades & Seattle > Skykomish Valley > Index > Lower Town Wall > (D) Narrow Arrow and further right",3.5,-1,Lead,Onsight,Trad,,110,2900
2023-06-20,"Solar King",5.11a,"Sent the crux cleanly, two times in a row. I need to bring my small RPs to lead. ",https://www.mountainproject.com/route/105972388/solar-king,1,"Washington > South-Central & Yakima > Tieton River > Royal Columns > Orange Sunshine area",3.2,-1,TR,,Trad,,75,4600
2023-06-20,"Cross-eyed and Painless",5.9,"Bumbed anchor from columns holiday. ",https://www.mountainproject.com/route/107588478/cross-eyed-and-painless,1,"Washington > South-Central & Yakima > Tieton River > Royal Columns > Orange Sunshine area",2.7,-1,TR,,Trad,,70,2400
2023-06-19,"The Leftovers",5.10d,"Technical arete climbing.",https://www.mountainproject.com/route/118353155/the-leftovers,1,"Washington > South-Central & Yakima > Tieton River > Royal Columns > Orange Sunshine area",2.4,-1,Lead,Onsight,Sport,,70,3500
2023-06-19,"Jam Exam",5.9,,https://www.mountainproject.com/route/106022092/jam-exam,1,"Washington > South-Central & Yakima > Tieton River > Royal Columns > Orange Sunshine area",3.4,-1,Lead,Onsight,Trad,,60,2400
2023-06-19,"Thriller Pillar",5.9+,"Sporty climbing",https://www.mountainproject.com/route/107192057/thriller-pillar,1,"Washington > South-Central & Yakima > Tieton River > Royal Columns > Orange Sunshine area",2.7,-1,Lead,Onsight,Sport,,70,2500
2023-06-19,"Columns Holiday",5.10c,,https://www.mountainproject.com/route/107588465/columns-holiday,1,"Washington > South-Central & Yakima > Tieton River > Royal Columns > Orange Sunshine area",2.8,-1,Lead,Onsight,"Trad, Sport",,70,3200
2023-06-19,"The Cutting Edge",5.7,,https://www.mountainproject.com/route/107128177/the-cutting-edge,1,"Washington > South-Central & Yakima > Tieton River > Royal Columns > Orange Sunshine area",2.4,-1,Lead,Onsight,Trad,,70,1800
2023-06-18,"Tragically Hip",5.11c,"For the crux the 5th bolt, I never found out a secure sequence. Blast through to the next stance, after performing an insecure clip. Remover to look around the arete, there where two instances that I was able to stand on a hidden foot.",https://www.mountainproject.com/route/106337835/tragically-hip,1,"Washington > South-Central & Yakima > Tieton River > The Bend > Bend West",3.4,-1,TR,,Sport,,80,5200
2023-06-18,"Tragically Hip",5.11c,"Hung moving to the 5th bolt. This climb deserves its status, really good arete climbing.",https://www.mountainproject.com/route/106337835/tragically-hip,1,"Washington > South-Central & Yakima > Tieton River > The Bend > Bend West",3.4,-1,Lead,Fell/Hung,Sport,,80,5200
2023-06-18,"Ambient Domain",5.10c,"Not sure where the fingers where, but it stemmed readily, right where you wanted it.",https://www.mountainproject.com/route/109207942/ambient-domain,1,"Washington > South-Central & Yakima > Tieton River > The Bend > Bend West",3.3,-1,TR,,Trad,,80,3200
2023-06-18,"House Rules",5.10c,"Rad route, I should definitely lead this without hesitation.",https://www.mountainproject.com/route/111661299/house-rules,1,"Washington > South-Central & Yakima > Tieton River > The Bend > Bend West",2.8,-1,TR,,Sport,,90,3200
2023-06-18,"Cruel Harvest",5.9,"1st route of the day.",https://www.mountainproject.com/route/107128234/cruel-harvest,1,"Washington > South-Central & Yakima > Tieton River > The Bend > Bend West",2.5,-1,Lead,Onsight,Trad,,95,2400
2023-06-18,"Hallowed Ground",5.9,"2nd route of the day.",https://www.mountainproject.com/route/107128242/hallowed-ground,1,"Washington > South-Central & Yakima > Tieton River > The Bend > Bend West",2.7,-1,Lead,Onsight,Trad,,90,2400
2023-06-17,"First Blood",5.8+,,https://www.mountainproject.com/route/108161888/first-blood,1,"Washington > South-Central & Yakima > Tieton River > Royal Columns > Main Face",2.7,-1,Lead,Onsight,Trad,,70,2200
2023-06-17,"Little Known Wonder",5.7,,https://www.mountainproject.com/route/107128270/little-known-wonder,1,"Washington > South-Central & Yakima > Tieton River > Royal Columns > Main Face",2.6,-1,Lead,Onsight,Trad,,90,1800
2023-06-13,"Model Worker",5.11c,"Fell on the dyno and second crux. Conditions where not the best. ",https://www.mountainproject.com/route/105814991/model-worker,1,"Washington > Central-West Cascades & Seattle > Skykomish Valley > Index > Lower Town Wall > (C) Main Wall, left side",3.5,4,Lead,Fell/Hung,Trad,5.11c,120,5200
2023-06-13,"Agent Orange",5.11c,"TR soloed. The crux felt like the last moves. Everything else was chill, just beta intensive.",https://www.mountainproject.com/route/107819526/agent-orange,1,"Washington > Central-West Cascades & Seattle > Skykomish Valley > Index > Inner Walls > Grandeur Buttress",3.1,-1,TR,,"Trad, TR",,70,5200
2023-06-13,"Corner Flash",5.7,"Rope solo lead",https://www.mountainproject.com/route/106677557/corner-flash,1,"Washington > Central-West Cascades & Seattle > Skykomish Valley > Index > Inner Walls > Grandeur Buttress",2.5,-1,Lead,Redpoint,"Trad, TR",,55,1800
2023-06-09,"MW crack",5.11a,"Hard to see gear, blew the onsight right at the top. ",https://www.mountainproject.com/route/113428771/mw-crack,1,"Washington > Central-West Cascades & Seattle > Skykomish Valley > Index > Middle Town Walls > Mid Wall",2.6,-1,Lead,Fell/Hung,"Trad, TR",,25,4600
2023-06-09,"Plum Pudding",5.9,"Re-direct TR from PBR anchors.",https://www.mountainproject.com/route/106386419/plum-pudding,1,"Washington > Central-West Cascades & Seattle > Skykomish Valley > Index > Middle Town Walls > Mid Wall",3.4,-1,TR,,Trad,,70,2400
2023-06-09,"Coal Train",5.8,"Mason lead this thing.",https://www.mountainproject.com/route/120713643/coal-train,1,"Washington > Central-West Cascades & Seattle > Skykomish Valley > Index > Middle Town Walls > The Rhythm Cliff > Lower Rhythm",2.4,-1,TR,,Trad,,40,2100
2023-06-08,PBR,5.10b,"Followed Patrick. ",https://www.mountainproject.com/route/108140143/pbr,1,"Washington > Central-West Cascades & Seattle > Skykomish Valley > Index > Middle Town Walls > Mid Wall",3.6,-1,Follow,,Trad,,100,2900
2023-06-08,"With Apologies to Kenny G",5.10a/b,"Patrick lead this thing. ",https://www.mountainproject.com/route/120714228/with-apologies-to-kenny-g,1,"Washington > Central-West Cascades & Seattle > Skykomish Valley > Index > Middle Town Walls > The Rhythm Cliff > Lower Rhythm",2.9,-1,Follow,,Trad,,40,2800
2023-06-08,"Playing by Ear",5.10c/d,"This thing was hard. Felt like a big sandbag.",https://www.mountainproject.com/route/120714317/playing-by-ear,1,"Washington > Central-West Cascades & Seattle > Skykomish Valley > Index > Middle Town Walls > The Rhythm Cliff > Lower Rhythm",2.3,-1,Lead,Fell/Hung,Sport,,35,3400
2023-06-08,"Perfect Pitch",5.10d,"Fell at the top when you go left. This is a great pitch. ",https://www.mountainproject.com/route/120714098/perfect-pitch,1,"Washington > Central-West Cascades & Seattle > Skykomish Valley > Index > Middle Town Walls > The Rhythm Cliff > Lower Rhythm",3.7,-1,Lead,Fell/Hung,Trad,,50,3500
2023-06-07,"Coltrane Roof",5.10c,"Carter lead this thing, fun roof sequence.",https://www.mountainproject.com/route/122864623/coltrane-roof,1,"Washington > Central-West Cascades & Seattle > Skykomish Valley > Index > Middle Town Walls > The Rhythm Cliff > Lower Rhythm",3.0,-1,TR,,Trad,,60,3200
2023-06-07,"5.10 in B-minor",5.10b,"Lead onsight rope solo, 2nd week in a row was smoother.",https://www.mountainproject.com/route/120713727/510-in-b-minor,1,"Washington > Central-West Cascades & Seattle > Skykomish Valley > Index > Middle Town Walls > The Rhythm Cliff > Lower Rhythm",3.3,-1,Lead,Onsight,Trad,,70,2900
2023-06-01,Argentinosaurus,5.10c,,https://www.mountainproject.com/route/119443173/argentinosaurus,1,"Washington > Central-West Cascades & Seattle > Skykomish Valley > Index > Lower Lump Area > (a) Beetle Bailey Slab",3.7,-1,TR,,Sport,,125,3200
2023-06-01,Argentinosaurus,5.10c,"With Syd.",https://www.mountainproject.com/route/119443173/argentinosaurus,1,"Washington > Central-West Cascades & Seattle > Skykomish Valley > Index > Lower Lump Area > (a) Beetle Bailey Slab",3.7,-1,Lead,Fell/Hung,Sport,,125,3200
2023-06-01,"Wild Turkey",5.7,"Nicole’s first 5.7 index lead",https://www.mountainproject.com/route/111859955/wild-turkey,1,"Washington > Central-West Cascades & Seattle > Skykomish Valley > Index > Lookout Point Area > Private Idaho",3.0,-1,Follow,,"Trad, TR",,100,1800
2023-05-31,"Battered Sandwich",5.9,"Gotta love granite flares. ",https://www.mountainproject.com/route/106004538/battered-sandwich,1,"Washington > Central-West Cascades & Seattle > Skykomish Valley > Index > Lookout Point Area > Private Idaho",3.4,-1,Lead,Onsight,"Trad, TR",,103,2400
2023-05-31,"I Am In Top a Shader",5.11d,"This thing is a hard 11c, but supper safe. There is one 11+ crack move but most of the business is on the face. ",https://www.mountainproject.com/route/107298333/i-am-in-top-a-shader,1,"Washington > Central-West Cascades & Seattle > Skykomish Valley > Index > Lookout Point Area > Private Idaho",3.8,-1,Lead,Fell/Hung,"Trad, TR",,90,5500
2023-05-31,"Model Worker",5.11c,"Fell right after making the crux on the glassy fleet. Felt supper solid in the dyno and high foot. Nicole was on belay.",https://www.mountainproject.com/route/105814991/model-worker,1,"Washington > Central-West Cascades & Seattle > Skykomish Valley > Index > Lower Town Wall > (C) Main Wall, left side",3.5,4,Lead,Fell/Hung,Trad,5.11c,120,5200
2023-05-31,"Princely Ambitions",5.9,,https://www.mountainproject.com/route/105790710/princely-ambitions,1,"Washington > Central-West Cascades & Seattle > Skykomish Valley > Index > Lower Town Wall > (C) Main Wall, left side",3.6,-1,Lead,Redpoint,Trad,,,2400
2023-05-31,"Perfect Pitch",5.10d,"Attempted to onsight lead rope solo, hung around in the crack and took my first solo whips. Brent Barghahn system worked well, though I should reinforce my cache loops, get my alpine butterfly dialed, and tape the locker shut on my grigri.",https://www.mountainproject.com/route/120714098/perfect-pitch,1,"Washington > Central-West Cascades & Seattle > Skykomish Valley > Index > Middle Town Walls > The Rhythm Cliff > Lower Rhythm",3.7,-1,Solo,,Trad,,50,3500
2023-05-29,"Wild Boar",5.11d,"Removed a lot of moss, super technical dyke climbing.",https://www.mountainproject.com/route/108161834/wild-boar,1,"Washington > Central-West Cascades & Seattle > Skykomish Valley > Index > Middle Town Walls > Mid Wall",3.0,-1,TR,,Sport,,,5500
2023-05-29,"Keith's Crack",5.11c,,https://www.mountainproject.com/route/108161850/keiths-crack,1,"Washington > Central-West Cascades & Seattle > Skykomish Valley > Index > Middle Town Walls > Mid Wall",3.7,-1,TR,,Trad,,,5200
2023-05-29,"Keith's Crack",5.11c,".3, .3 at the top of the bloulder.

Place .75 (BD), then a blue metoulious, and biggest rp in the last pin scar before the crux. Then .4/.5 will get you to the top.",https://www.mountainproject.com/route/108161850/keiths-crack,1,"Washington > Central-West Cascades & Seattle > Skykomish Valley > Index > Middle Town Walls > Mid Wall",3.7,-1,TR,,Trad,,,5200
2023-05-29,"Keith's Crack",5.11c,"Onsight attempt, and I fell at the crux. ",https://www.mountainproject.com/route/108161850/keiths-crack,1,"Washington > Central-West Cascades & Seattle > Skykomish Valley > Index > Middle Town Walls > Mid Wall",3.7,-1,Lead,Fell/Hung,Trad,,,5200
2023-05-27,Zoom,5.10d,"Two kind gals let Carter and I hang out rope.",https://www.mountainproject.com/route/106054444/zoom,1,"Washington > Central-West Cascades & Seattle > Skykomish Valley > Index > The Country Area > (c) The Country",3.7,-1,TR,,Trad,,80,3500
2023-05-26,Wham,5.11c,"The last moves where near impossible feeling in the sun. ",https://www.mountainproject.com/route/106185268/wham,1,"Washington > Central-West Cascades & Seattle > Skykomish Valley > Index > The Country Area > (c) The Country",3.7,-1,TR,,Sport,,60,5200
2023-05-26,Wham,5.11c,"Difficult, much worse conditions then the onsight attempt.",https://www.mountainproject.com/route/106185268/wham,1,"Washington > Central-West Cascades & Seattle > Skykomish Valley > Index > The Country Area > (c) The Country",3.7,-1,Lead,Fell/Hung,Sport,,60,5200
2023-05-25,Wham,5.11c,"Hung draws. Felts strong, and sent to the crux traversing back left.",https://www.mountainproject.com/route/106185268/wham,1,"Washington > Central-West Cascades & Seattle > Skykomish Valley > Index > The Country Area > (c) The Country",3.7,-1,Lead,Fell/Hung,Sport,,60,5200
2023-05-25,"Little Jupiter- Short Version",5.11d,"Climbed to the crux, above the chained draw. It was really difficult, ended up lowering off the draw.",https://www.mountainproject.com/route/106052898/little-jupiter-short-version,1,"Washington > Central-West Cascades & Seattle > Skykomish Valley > Index > The Country Area > (c) The Country",3.6,-1,Lead,Fell/Hung,Sport,,80,5500
2023-05-25,"Thin Fingers",5.11a,"Climbed with Carter, stopped at low anchors.",https://www.mountainproject.com/route/105805741/thin-fingers,1,"Washington > Central-West Cascades & Seattle > Skykomish Valley > Index > Lower Town Wall > (D) Narrow Arrow and further right",3.8,-1,Lead,Redpoint,Trad,,120,4600
2023-05-25,"Model Worker",5.11c,"High right foot and high left foot at the crux.",https://www.mountainproject.com/route/105814991/model-worker,1,"Washington > Central-West Cascades & Seattle > Skykomish Valley > Index > Lower Town Wall > (C) Main Wall, left side",3.5,4,Lead,Fell/Hung,Trad,5.11c,120,5200
2023-05-25,"Beetle Bailey P1",5.10d,"I never did the left “v4”, instead of following chalk I climbed on some nubs left then a pretty big runout to chains.",https://www.mountainproject.com/route/119108504/beetle-bailey-p1,1,"Washington > Central-West Cascades & Seattle > Skykomish Valley > Index > Lower Lump Area > (a) Beetle Bailey Slab",3.1,-1,Lead,Onsight,Trad,,,3500
2023-05-25,"Smilodon Fatalis",5.8+,"First pitch with Carter ",https://www.mountainproject.com/route/119198566/smilodon-fatalis,1,"Washington > Central-West Cascades & Seattle > Skykomish Valley > Index > Lower Lump Area > (a) Beetle Bailey Slab",3.0,-1,,,Sport,,70,2200
2023-05-25,"Model Worker",5.11c,"Hit dyno right away by climbing a bit high and jumping sideways. Fumbled a bit on high beta, which is just staying low and crunched.",https://www.mountainproject.com/route/105814991/model-worker,1,"Washington > Central-West Cascades & Seattle > Skykomish Valley > Index > Lower Town Wall > (C) Main Wall, left side",3.5,4,TR,,Trad,5.11c,120,5200
2023-05-24,"TPMV (10% Meteorological Vinculation)","5.12c/d PG13","First pitch, Jack put it up.",https://www.mountainproject.com/route/106328521/tpmv-10-meteorological-vinculation,1,"Washington > Central-West Cascades & Seattle > Skykomish Valley > Index > Lower Town Wall > (C) Main Wall, left side",4.0,-1,TR,,Trad,,300,7400
2023-05-24,"Model Worker",5.11c,"Right foot inside edge high and step up left high to the second left foot. Dyno off the middle foot and stick it. ",https://www.mountainproject.com/route/105814991/model-worker,1,"Washington > Central-West Cascades & Seattle > Skykomish Valley > Index > Lower Town Wall > (C) Main Wall, left side",3.5,4,TR,,Trad,5.11c,120,5200
2023-05-24,"Model Worker",5.11c,"One hung, fell at the dyno which was challenging. Need to use a normal sport draw at the hole. Probably don’t fall there, and crunch myself up with low hands. Right foot up then find spot to pull left foot up. From here, power stand into the rail.  1” and .75” where great beta. ",https://www.mountainproject.com/route/105814991/model-worker,1,"Washington > Central-West Cascades & Seattle > Skykomish Valley > Index > Lower Town Wall > (C) Main Wall, left side",3.5,4,Lead,Fell/Hung,Trad,5.11c,120,5200
2023-05-24,"Princely Ambitions",5.9,"Followed Patrick, swung over to setup TR on lower part of model worker. ",https://www.mountainproject.com/route/105790710/princely-ambitions,2,"Washington > Central-West Cascades & Seattle > Skykomish Valley > Index > Lower Town Wall > (C) Main Wall, left side",3.6,-1,Follow,,Trad,,,2400
2023-05-24,"Thin Fingers",5.11a,"Patrick lead to lower anchors",https://www.mountainproject.com/route/105805741/thin-fingers,1,"Washington > Central-West Cascades & Seattle > Skykomish Valley > Index > Lower Town Wall > (D) Narrow Arrow and further right",3.8,-1,Follow,,Trad,,120,4600
2023-05-18,"Journey to the Other Side of the Bridge",5.8,"Sydney convinced me to do one more pitch, we both thought it was a stout 5.8 boulder.",https://www.mountainproject.com/route/106812714/journey-to-the-other-side-of-the-bridge,1,"Washington > Central-West Cascades & Seattle > Skykomish Valley > Index > Inner Walls > Toxic - Tang Area",2.1,-1,Lead,Onsight,Trad,,45,2100
2023-05-18,"Toxic Shock",5.9,"Sydney’s first pitch at index, she worked hard for the clean follow! ",https://www.mountainproject.com/route/105791086/toxic-shock,1,"Washington > Central-West Cascades & Seattle > Skykomish Valley > Index > Inner Walls > Toxic - Tang Area",3.7,-1,Lead,Redpoint,Trad,,90,2400
2023-05-18,"Delusions of Adequacy",5.11a,"I thought this was about as hard as agent orange. ",https://www.mountainproject.com/route/114794873/delusions-of-adequacy,1,"Washington > Central-West Cascades & Seattle > Skykomish Valley > Index > Inner Walls > Grandeur Buttress",3.0,-1,TR,,Trad,,70,4600
2023-05-18,"Agent Orange",5.11c,"Felt pretty manageable on TR. One hung with some bad beta.. keep moving left down low. Red point crux would certainty be the top moves.",https://www.mountainproject.com/route/107819526/agent-orange,1,"Washington > Central-West Cascades & Seattle > Skykomish Valley > Index > Inner Walls > Grandeur Buttress",3.1,-1,TR,,"Trad, TR",,70,5200
2023-05-18,"Corner Flash",5.7,"Setup TR for agent Orange. Sydney’s second climb at index.",https://www.mountainproject.com/route/106677557/corner-flash,1,"Washington > Central-West Cascades & Seattle > Skykomish Valley > Index > Inner Walls > Grandeur Buttress",2.5,-1,Lead,Redpoint,"Trad, TR",,55,1800
2023-05-17,"Cunning Stunt",5.10c/d,"Followed Patrick. Still think it is one of best 5.10 sport routes I’ve climbed. ",https://www.mountainproject.com/route/105800865/cunning-stunt,1,"Washington > Central-West Cascades & Seattle > Skykomish Valley > Index > The Country Area > (c) The Country",3.6,-1,Follow,,Sport,,80,3400
2023-05-17,"Just say no to Frank Sinatra",5.11b/c,"I should lead this some day.",https://www.mountainproject.com/route/105805764/just-say-no-to-frank-sinatra,1,"Washington > Central-West Cascades & Seattle > Skykomish Valley > Index > The Country Area > (c) The Country",2.6,-1,TR,,Trad,,100,5100
2023-05-17,"Frank Presley",5.11a,"As fun as I remembered, better to save the numb climbing for cool days.",https://www.mountainproject.com/route/105808027/frank-presley,1,"Washington > Central-West Cascades & Seattle > Skykomish Valley > Index > The Country Area > (c) The Country",2.6,-1,Lead,Fell/Hung,Sport,,90,4600
2023-05-17,"Japanese Gardens",5.11+,"Followed Patrick to the low anchors. ",https://www.mountainproject.com/route/105791008/japanese-gardens,1,"Washington > Central-West Cascades & Seattle > Skykomish Valley > Index > Lower Town Wall > (C) Main Wall, left side",3.7,-1,TR,,Trad,,200,5300
2023-05-17,"Model Worker",5.11c,"Hard route. Edge right foot, with right hip against wall, before stepping up and high on left.

Climb high and dyno down.",https://www.mountainproject.com/route/105814991/model-worker,1,"Washington > Central-West Cascades & Seattle > Skykomish Valley > Index > Lower Town Wall > (C) Main Wall, left side",3.5,4,TR,,Trad,5.11c,120,5200
2023-05-17,"Princely Ambitions",5.9,"Good to be back In index.",https://www.mountainproject.com/route/105790710/princely-ambitions,1,"Washington > Central-West Cascades & Seattle > Skykomish Valley > Index > Lower Town Wall > (C) Main Wall, left side",3.6,-1,Lead,,Trad,,,2400
2023-02-18,S-Crack,5.11d,"Avoiding the raining gully. Cracks flowing with water",https://www.mountainproject.com/route/105740657/s-crack,4,"Utah > Wasatch Range > Central Wasatch > Little Cottonwood Canyon > The Thumb Area",3.1,-1,Lead,Onsight,Trad,,350,5500
2023-02-18,"The Standard Thumb",5.7,"Alpine adventure ",https://www.mountainproject.com/route/105741170/the-standard-thumb,11,"Utah > Wasatch Range > Central Wasatch > Little Cottonwood Canyon > The Thumb Area",2.2,-1,Lead,,Trad,,,1800
2022-11-25,"The Violator",5.11-,"Violated onsight ",https://www.mountainproject.com/route/107623103/the-violator,1,"Utah > Southeast Utah > Indian Creek > Sinbad Wall aka Nuclear Wall",3.3,-1,,,Trad,,70,4700
2021-06-28,"Stem the Tide","5.10d R","Ran up it on TR after satans corner, dry fired at the first bolt and lost some skin. Good climb... it would be a fun lead. ",https://www.mountainproject.com/route/105741623/stem-the-tide,1,"Utah > Wasatch Range > Central Wasatch > Little Cottonwood Canyon > Gate Buttress > Dihedrals Area",3.3,-1,TR,,Sport,,60,3500
2021-06-28,"Satan's Corner",5.8,"Instead of traversing all the way left to chains, apparently there is an anchor directly above the pin before the traverse. Fun climb. ",https://www.mountainproject.com/route/105740510/satans-corner,2,"Utah > Wasatch Range > Central Wasatch > Little Cottonwood Canyon > Gate Buttress > Dihedrals Area",3.6,-1,,,Trad,,100,2100
2021-06-28,Tarzan,5.10a,"1 move of 10a of the start. Ran it into something else ",https://www.mountainproject.com/route/105741461/tarzan,1,"Utah > Wasatch Range > Central Wasatch > Little Cottonwood Canyon > Gate Buttress > Beckey's Wall Area",2.4,-1,,,Trad,,120,2600
2021-06-28,"Tingey's Terror",5.7,"Two 80m stretchers. Fun. ",https://www.mountainproject.com/route/105740441/tingeys-terror,2,"Utah > Wasatch Range > Central Wasatch > Little Cottonwood Canyon > Gate Buttress > Beckey's Wall Area",2.9,-1,,,Trad,,400,1800
2021-06-27,"Lizzie Borden",5.9,"Actually it was this ",https://www.mountainproject.com/route/105742007/lizzie-borden,1,"Utah > Wasatch Range > Central Wasatch > Little Cottonwood Canyon > Gate Buttress > Schoolroom Area",1.4,-1,Lead,Onsight,Trad,,90,2400
2021-06-27,"Hatchet Crack",5.7,"Not sure what I climbed, but ended in this",https://www.mountainproject.com/route/105740432/hatchet-crack,1,"Utah > Wasatch Range > Central Wasatch > Little Cottonwood Canyon > Gate Buttress > Schoolroom Area",2.5,-1,Lead,Onsight,Trad,,80,1800
2021-06-26,"Schoolroom Direct Variation","5.7 R","Extend gear that is left of the crack, then run it until you reach the hook. ",https://www.mountainproject.com/route/105740036/schoolroom-direct-variation,1,"Utah > Wasatch Range > Central Wasatch > Little Cottonwood Canyon > Gate Buttress > Schoolroom Area",2.9,-1,Lead,Onsight,Trad,,50,1800
2021-06-26,"The Hook","5.8 R","Jumped into the second pitch (money pitch) after doing schoolroom. It was good fun. Not R with the bolts. ",https://www.mountainproject.com/route/105740816/the-hook,2,"Utah > Wasatch Range > Central Wasatch > Little Cottonwood Canyon > Gate Buttress > Schoolroom Area",3.0,-1,,,Trad,,400,2100
2021-06-26,Schoolroom,5.6,"Nice long 70m stretcher. Yellow Nut walked, fun spice. Climbed Into 35 of the guidebook ",https://www.mountainproject.com/route/105740012/schoolroom,3,"Utah > Wasatch Range > Central Wasatch > Little Cottonwood Canyon > Gate Buttress > Schoolroom Area",3.0,-1,Lead,Onsight,Trad,,400,1600
2021-06-26,"Bushwhack Crack",5.8,"Fun crack, Sydney is learning to jam ",https://www.mountainproject.com/route/105740045/bushwhack-crack,2,"Utah > Wasatch Range > Central Wasatch > Little Cottonwood Canyon > Gate Buttress > Schoolroom Area",3.1,-1,Lead,Onsight,Trad,,250,2100
2021-06-26,Pentapitch,5.8,"2 long pitches. Great climb ",https://www.mountainproject.com/route/105739895/pentapitch,5,"Utah > Wasatch Range > Central Wasatch > Little Cottonwood Canyon > Pentapitch Area",3.6,-1,Lead,Onsight,Trad,,,2100
2021-06-22,"East Ridge",5.6,"Simul with a 40m and look at the topo next time. Went left at first or second tower. Missed the Peton pitch but did some sick bulging hand crack into an offwidth.",https://www.mountainproject.com/route/105848762/east-ridge,10,"Wyoming > Wind River Range > Cirque of the Towers > Wolfs Head",3.9,-1,Lead,Onsight,"Trad, Alpine",,1000,1600
2021-06-22,"South Buttress",5.8,"Scramble to the base of the corner system and it goes it two pitches ",https://www.mountainproject.com/route/105827746/south-buttress,4,"Wyoming > Wind River Range > Cirque of the Towers > Pingora",3.4,-1,Lead,Onsight,"Trad, Alpine",,500,2100
2021-06-21,"East Face, Left Side Cracks",5.7+,"First route in the Cirque. Took about 6 hours, camp to camp. Followed the weakness and swung 7 pitches in total. Great day with mike. ",https://www.mountainproject.com/route/105827735/east-face-left-side-cracks,11,"Wyoming > Wind River Range > Cirque of the Towers > Pingora",3.4,-1,,,"Trad, Alpine",,1187,1900
2021-06-05,"Tow Away Zone",5.10a/b,"Felt hard. Lead head isn’t on ",https://www.mountainproject.com/route/105741062/tow-away-zone,1,"Idaho > South Idaho > City of Rocks > Parking Lot Rock > Parking Lot Rock - East",2.7,2,Lead,Onsight,Trad,5.10b,80,2800
2021-01-11,"Peanut Brittle",5.10a,,https://www.mountainproject.com/route/106333961/peanut-brittle,1,"Arizona > Southern Arizona > Cochise Stronghold > West Stronghold > Sweet Rock",2.5,-1,Lead,Onsight,Sport,,90,2600
2021-01-11,"Hot Tamale",5.10b/c,,https://www.mountainproject.com/route/106333974/hot-tamale,2,"Arizona > Southern Arizona > Cochise Stronghold > West Stronghold > Sweet Rock",2.8,-1,Lead,Onsight,Sport,,140,3100
2021-01-09,"Cracker Jack",5.10c/d,"Hard. ",https://www.mountainproject.com/route/106333969/cracker-jack,1,"Arizona > Southern Arizona > Cochise Stronghold > West Stronghold > Sweet Rock",2.7,4,Lead,Fell/Hung,"Trad, Sport",5.10d,90,3400
2021-01-08,"Mystery of the Desert",5.9,Fun,https://www.mountainproject.com/route/105928187/mystery-of-the-desert,5,"Arizona > Southern Arizona > Cochise Stronghold > West Stronghold > Sheepshead Area (Southwest) > The Muttonhead",3.0,-1,Lead,Onsight,Trad,,450,2400
2021-01-08,"Ides of Middlemarch",5.10a,Fun,https://www.mountainproject.com/route/105910980/ides-of-middlemarch,5,"Arizona > Southern Arizona > Cochise Stronghold > West Stronghold > Sheepshead Area (Southwest) > The Sheepshead",2.7,-1,Lead,Onsight,Trad,,700,2600
2021-01-07,Ewephoria,5.8,Fun,https://www.mountainproject.com/route/105861181/ewephoria,5,"Arizona > Southern Arizona > Cochise Stronghold > West Stronghold > Sheepshead Area (Southwest) > The Sheepshead",3.2,-1,Lead,Onsight,Trad,,750,2100
2020-10-19,Gemini,5.12a,"Sweet route. Bouldery to the chains ",https://www.mountainproject.com/route/105845597/gemini,1,"Idaho > South Idaho > City of Rocks > Bath Rock > Bath Rock - West",3.5,-1,Lead,Fell/Hung,Sport,,65,6600
2020-08-20,"Southern Wall Left",5.10c,"Bailed in rain",https://www.mountainproject.com/route/106234677/southern-wall-left,4,"Wyoming > Wind River Range > Deep Lake Area > Haystack Mountain",3.4,-1,Lead,,"Trad, Alpine",,1000,3200
2020-08-13,"Caveat Emptor",5.10c,,https://www.mountainproject.com/route/105843833/caveat-emptor,8,"Wyoming > Grand Teton National Park > Death Canyon > Cathedral Buttress",3.8,-1,Lead,Onsight,"Trad, Alpine",,1000,3200
2020-08-01,"Spark Seeker",5.11,"Fun route ",https://www.mountainproject.com/route/117399075/spark-seeker,1,"Wyoming > Lander Area > Wild Iris > Lower Remuda",1.1,3,Lead,,Sport,5.11,75,5000
2020-07-22,"The Flakes",5.9-,,https://www.mountainproject.com/route/105751144/the-flakes,1,"Colorado > Boulder > Eldorado Canyon State Park > Redgarden Wall > Redgarden - S Buttress",2.5,-1,Lead,Onsight,Trad,,,2300
2020-07-18,"Omega Crack",5.12b,"I got on this thing with Bailey ",https://www.mountainproject.com/route/106021967/omega-crack,2,"Wyoming > Grand Teton National Park > Death Canyon > Omega  Buttress",3.7,-1,,,"Trad, Sport, Alpine",,,6900
2020-07-18,"Dihedral of Horrors",5.9,"Climbed with Bailey ",https://www.mountainproject.com/route/105813333/dihedral-of-horrors,4,"Wyoming > Grand Teton National Park > Death Canyon > Omega  Buttress",3.5,-1,,,"Trad, Alpine",,400,2400
2020-05-28,"Soli Deo Gloria",5.12a,"A couple Tr solo burns. Fun moves. Felt slightly easier then Mr. Lean, even after a long day. Gear was plentiful and crux was on bolts. ",https://www.mountainproject.com/route/106021263/soli-deo-gloria,1,"Minnesota > Tettegouche SP (North Shore) > Palisade Head",3.7,-1,TR,,"Trad, TR",,85,6600
2020-05-25,"Superior Crack",5.9-,"Pretty full on. First lead at the head, topped out in a downpour. ",https://www.mountainproject.com/route/105827808/superior-crack,1,"Minnesota > Tettegouche SP (North Shore) > Palisade Head",3.1,-1,Lead,Onsight,"Trad, TR",,95,2300
2020-05-22,"18b.  Silver Sickness",5.11c/d,"3rd time. Linked 8 draws together and so it hung at the lip of the roof ",https://www.mountainproject.com/route/114798115/18b-silver-sickness,1,"Michigan > Upper Peninsula > Silver Mountain > Main Wall",3.4,4,Lead,Redpoint,Sport,5.12a,60,5400
2020-05-20,"7.  Super Mario's Magic Mushroom",5.12a/b,"Fun shit ",https://www.mountainproject.com/route/114797909/7-super-marios-magic-mushroom,1,"Michigan > Upper Peninsula > Silver Mountain > Main Wall",3.1,3,Lead,Redpoint,Sport,5.12a,50,6800
2020-05-17,"Hope You Got Insurance And Shit",5.11,"Hung cam for cam and cleaned route. 5.10 using the hand crack. 5.12ish using only the finger crack ",https://www.mountainproject.com/route/118251265/hope-you-got-insurance-and-shit,1,"Michigan > Upper Peninsula > Silver Mountain > Backside (aka Assland)",3.0,3,Lead,Fell/Hung,Trad,5.12a,23,5000
2020-05-15,"Grade 10",5.10,"5.10- ",https://www.mountainproject.com/route/118251276/grade-10,1,"Michigan > Upper Peninsula > Silver Mountain > Backside (aka Assland)",3.4,3,Lead,Onsight,Trad,5.10,30,3000
2020-05-12,"12.  Dripping With Cooties",5.12a/b,,https://www.mountainproject.com/route/114798053/12-dripping-with-cooties,1,"Michigan > Upper Peninsula > Silver Mountain > Main Wall",4.0,4,Lead,Redpoint,Sport,5.12a,90,6800
2020-05-11,"34.  Love Street",5.11d,"Some long time ago ",https://www.mountainproject.com/route/114798604/34-love-street,1,"Michigan > Upper Peninsula > Silver Mountain > Main Wall",3.3,-1,,,Sport,,70,5500
2020-01-02,"Risky Business","5.10c R",,https://www.mountainproject.com/route/105732866/risky-business,1,"Nevada > Southern Nevada > Red Rocks > (10) Pine Creek Canyon > Mescalito > Dark Shadows Wall",3.8,-1,Lead,Onsight,Trad,,400,3200
2020-01-02,Birdland,5.7+,,https://www.mountainproject.com/route/105733115/birdland,6,"Nevada > Southern Nevada > Red Rocks > (10) Pine Creek Canyon > Brass Wall",3.4,-1,Lead,Redpoint,Trad,,600,1900
2020-01-02,"Remote Control",5.9,,https://www.mountainproject.com/route/105888855/remote-control,1,"Nevada > Southern Nevada > Red Rocks > (10) Pine Creek Canyon > Out of Control Area",2.5,-1,Lead,Onsight,Trad,,160,2400
2020-01-02,"Out of Control",5.10c,"Little burly ",https://www.mountainproject.com/route/105888710/out-of-control,1,"Nevada > Southern Nevada > Red Rocks > (10) Pine Creek Canyon > Out of Control Area",3.8,-1,Lead,Onsight,Trad,,130,3200
2020-01-01,"No Laughing Matter",5.10a,,https://www.mountainproject.com/route/105789533/no-laughing-matter,2,"Nevada > Southern Nevada > Red Rocks > (10) Pine Creek Canyon > Brass Wall",2.8,-1,Lead,Onsight,Trad,,120,2600
2020-01-01,Birdland,5.7+,,https://www.mountainproject.com/route/105733115/birdland,6,"Nevada > Southern Nevada > Red Rocks > (10) Pine Creek Canyon > Brass Wall",3.4,-1,Lead,Onsight,Trad,,600,1900
2020-01-01,Rawlpindi,5.7,,https://www.mountainproject.com/route/105814198/rawlpindi,5,"Nevada > Southern Nevada > Red Rocks > (10) Pine Creek Canyon > Brass Wall",2.1,-1,Lead,Onsight,Trad,,700,1800
2020-01-01,"The Big Horn",5.8+,Fun,https://www.mountainproject.com/route/105819223/the-big-horn,6,"Nevada > Southern Nevada > Red Rocks > (10) Pine Creek Canyon > Brass Wall",2.9,-1,Lead,Onsight,Trad,,,2200
2019-12-31,Sunflower,"5.9 R",,https://www.mountainproject.com/route/105732791/sunflower,6,"Nevada > Southern Nevada > Red Rocks > (12) Oak Creek Canyon > Solar Slab - Upper Tier",2.9,-1,Lead,Onsight,Trad,,850,2400
2019-12-30,Spiderline,5.7,,https://www.mountainproject.com/route/106121848/spiderline,1,"Nevada > Southern Nevada > Red Rocks > (07) Willow Spring > Outhouse Wall",2.3,-1,Lead,Onsight,Trad,,120,1800
2019-12-30,"Tricks are for Kids",5.10a,"Really hard Crux. Not .10a",https://www.mountainproject.com/route/106386383/tricks-are-for-kids,1,"Nevada > Southern Nevada > Red Rocks > (07) Willow Spring > Outhouse Wall",2.3,-1,Lead,Fell/Hung,Trad,,100,2600
2019-12-30,"Yaak Crack",5.11c,"Got worked.. tips where fried but still hard",https://www.mountainproject.com/route/105732374/yaak-crack,1,"Nevada > Southern Nevada > Red Rocks > (04) Second Pullout (Calico II) > The Gallery",3.6,-1,Lead,Fell/Hung,Sport,,70,5200
2019-12-30,"Mushroom People",5.10c,,https://www.mountainproject.com/route/105732350/mushroom-people,1,"Nevada > Southern Nevada > Red Rocks > (10) Pine Creek Canyon > Brass Wall",3.4,-1,Lead,Redpoint,Trad,,100,3200
2019-12-29,"Bush Pilots",5.10a,,https://www.mountainproject.com/route/105733181/bush-pilots,1,"Nevada > Southern Nevada > Red Rocks > (10) Pine Creek Canyon > Brass Wall",2.4,-1,Lead,Onsight,Trad,,50,2600
2019-12-29,"Orange Clonus",5.11a,"Fell at the boulders start",https://www.mountainproject.com/route/106095101/orange-clonus,4,"Nevada > Southern Nevada > Red Rocks > (10) Pine Creek Canyon > Straight Shooter Wall",2.7,-1,Lead,Fell/Hung,Trad,,600,4600
2019-12-26,"Raked over the Coles",5.10d,,https://www.mountainproject.com/route/105722638/raked-over-the-coles,1,"California > Joshua Tree National Park > Central Joshua Tree > Echo Rock Area > Echo Rock > Echo Rock - South Face",2.9,-1,Lead,Onsight,Trad,,80,3500
2019-12-26,"Pinched Rib",5.10a,,https://www.mountainproject.com/route/105721783/pinched-rib,1,"California > Joshua Tree National Park > Hidden Valley Area > Hidden Valley Campground > Chimney Rock > Chimney Rock - West Face",2.3,-1,Lead,Onsight,Trad,,40,2600
2019-12-26,"North Overhang",5.9,,https://www.mountainproject.com/route/105721651/north-overhang,1,"California > Joshua Tree National Park > Hidden Valley Area > Hidden Valley Campground > Intersection Rock",3.0,-1,Lead,Onsight,Trad,,100,2400
2019-12-21,"Pop Quiz (aka Brown on Butter)",5.11-,,https://www.mountainproject.com/route/106035142/pop-quiz-aka-brown-on-butter,1,"Utah > Southeast Utah > Indian Creek > Scarface",2.7,-1,Lead,Fell/Hung,Trad,,70,4700
2019-12-21,"Wavy Gravy",5.10,,https://www.mountainproject.com/route/105717922/wavy-gravy,1,"Utah > Southeast Utah > Indian Creek > Scarface",3.2,-1,Lead,,Trad,,70,3000
2019-12-21,Scarface,5.11a/b,,https://www.mountainproject.com/route/105717484/scarface,1,"Utah > Southeast Utah > Indian Creek > Scarface",3.8,-1,Lead,Onsight,Trad,,,4800
2019-11-25,Henry,5.11b,"Pretty hard and exciting ",https://www.mountainproject.com/route/105867536/henry,1,"Kentucky > Red River Gorge > Northern Gorge > Left Flank",2.9,-1,Lead,Redpoint,Sport,,50,4900
2019-11-24,"Tissue Tiger",5.12b,"Super powerful crux sequence. Hard. ",https://www.mountainproject.com/route/105870261/tissue-tiger,1,"Kentucky > Red River Gorge > Northern Gorge > Military Wall",3.6,-1,Lead,Fell/Hung,Sport,,70,6900
2019-11-24,"Gung Ho",5.12b,"Cleaned. Fun ",https://www.mountainproject.com/route/105891685/gung-ho,1,"Kentucky > Red River Gorge > Northern Gorge > Military Wall",3.7,-1,TR,,Sport,,60,6900
2019-11-13,"37. Don't Panic, and Bring Your Towel",5.11d,,https://www.mountainproject.com/route/117633917/37-dont-panic-and-bring-your-towel,1,"Michigan > Upper Peninsula > Silver Mountain > Main Wall",3.0,3,Lead,Onsight,Trad,5.11d,100,5500
2019-11-09,Homeostasis,5.11b,,https://www.mountainproject.com/route/112914002/homeostasis,1,"Arizona > Northern Arizona > The Arizona Strip > Lime Kiln Canyon > The Grail",3.4,-1,Lead,Onsight,Sport,,150,4900
2019-07-17,"The Snazette",5.10,"Climbed this route a few times ",https://www.mountainproject.com/route/121280753/the-snazette,2,"Wyoming > Grand Teton National Park > Death Canyon > Cathedral Buttress",3.8,-1,Lead,Onsight,"Trad, Alpine",,100,3000
2019-07-10,"The Snaz",5.10a,,https://www.mountainproject.com/route/105802924/the-snaz,1,"Wyoming > Grand Teton National Park > Death Canyon > Cathedral Buttress",3.6,-1,Lead,Onsight,"Trad, Alpine",,,2600
2019-07-03,Zorro,5.11c,,https://www.mountainproject.com/route/105841220/zorro,1,"Wyoming > Lander Area > Wild Iris > Zorro Area",3.8,-1,Lead,Flash,Sport,,75,5200
2019-07-03,"Only the Good Die Young",5.11c,"Good foot beta ",https://www.mountainproject.com/route/109496852/only-the-good-die-young,1,"Wyoming > Lander Area > Wild Iris > OK Corral > 1. Left Side (Lunarscape, Tribal War, Poker-Face, Lone Pilgrim) > 4. Lone Pilgrim",3.2,-1,Lead,Fell/Hung,Sport,,50,5200
2019-07-03,"Only the Good Die Young",5.11c,"Great route ",https://www.mountainproject.com/route/109496852/only-the-good-die-young,1,"Wyoming > Lander Area > Wild Iris > OK Corral > 1. Left Side (Lunarscape, Tribal War, Poker-Face, Lone Pilgrim) > 4. Lone Pilgrim",3.2,-1,Lead,Fell/Hung,Sport,,50,5200
2019-07-03,"Battle for a Wounded Knee",5.11a,,https://www.mountainproject.com/route/105841257/battle-for-a-wounded-knee,1,"Wyoming > Lander Area > Wild Iris > OK Corral > 1. Left Side (Lunarscape, Tribal War, Poker-Face, Lone Pilgrim) > 4. Lone Pilgrim",2.8,-1,Lead,Fell/Hung,Sport,,60,4600
2019-06-30,Martini,5.12a,,https://www.mountainproject.com/route/108134332/martini,1,"Idaho > Central Idaho > The Fins > The Discovery Wall > Martini Sector",3.6,-1,Lead,Fell/Hung,Sport,,75,6600
2019-06-30,"Yellow Man",5.11a,,https://www.mountainproject.com/route/108134263/yellow-man,1,"Idaho > Central Idaho > The Fins > The Discovery Wall > Martini Sector",3.4,-1,Lead,Fell/Hung,Sport,,70,4600
2019-06-29,Shakin',5.10c,,https://www.mountainproject.com/route/113273230/shakin,1,"Idaho > Central Idaho > The Fins > Mortal Earth > 08. Rock of Ages",3.2,-1,Lead,Onsight,Sport,,110,3200
2019-06-29,Thriller,5.11a,,https://www.mountainproject.com/route/113520041/thriller,1,"Idaho > Central Idaho > The Fins > Mortal Earth > 07. Psychedelic Rock",3.5,-1,Lead,Fell/Hung,Sport,,95,4600
2019-06-29,"Highway to Hell",5.11a,"Soft ",https://www.mountainproject.com/route/113385394/highway-to-hell,1,"Idaho > Central Idaho > The Fins > Mortal Earth > 07. Psychedelic Rock",2.9,-1,Lead,Onsight,Sport,,90,4600
2019-06-29,"Don't Bring Me Down",5.10b,,https://www.mountainproject.com/route/113385436/dont-bring-me-down,1,"Idaho > Central Idaho > The Fins > Mortal Earth > 07. Psychedelic Rock",2.7,-1,Lead,Onsight,Sport,,60,2900
2019-06-28,"Astro Elephant",5.10,,https://www.mountainproject.com/route/105996567/astro-elephant,10,"Idaho > Central Idaho > The Sawtooth Range > The Elephant's Perch",3.3,-1,Lead,Onsight,"Trad, Alpine",,,3000
2019-06-23,"Dimples and Tits",5.11a,,https://www.mountainproject.com/route/105847453/dimples-and-tits,1,"Idaho > South Idaho > City of Rocks > Breadloaves > Decadent Wall",2.5,-1,TR,,Sport,,50,4600
2019-06-23,"Divine Decadence",5.8+,,https://www.mountainproject.com/route/108139139/divine-decadence,1,"Idaho > South Idaho > City of Rocks > Breadloaves > Decadent Wall",2.5,-1,Lead,Onsight,Trad,,110,2200
2019-06-23,[Redacted],"5.10a PG13",,https://www.mountainproject.com/route/105847449/redacted,1,"Idaho > South Idaho > City of Rocks > Breadloaves > Decadent Wall",2.3,-1,Lead,Onsight,Sport,,50,2600
2019-06-22,"Bloody Fingers",5.10a,,https://www.mountainproject.com/route/105741026/bloody-fingers,1,"Idaho > South Idaho > City of Rocks > Breadloaves > Super Hits - Bloody Fingers",3.7,-1,Lead,Onsight,Trad,,100,2600
2019-06-22,Harvest,5.11a,,https://www.mountainproject.com/route/106216192/harvest,1,"Idaho > South Idaho > City of Rocks > Window Rock > Window Rock - West",3.6,-1,Lead,Fell/Hung,Trad,,85,4600
2019-06-22,"Thin Slice",5.10a,,https://www.mountainproject.com/route/105741581/thin-slice,1,"Idaho > South Idaho > City of Rocks > Parking Lot Rock > Parking Lot Rock - Northeast",3.6,-1,Lead,Onsight,Trad,,100,2600
2019-06-21,"Southern Man",5.11d,,https://www.mountainproject.com/route/110702146/southern-man,9,"Washington > Northwest Region > Hwy 20 and North Cascades National Park > North Cascades > Washington Pass > Liberty Bell Group > South Early Winters Spire",3.6,-1,Lead,Fell/Hung,"Trad, Alpine",,900,5500
2019-06-20,"Snake Fingers",5.10a,,https://www.mountainproject.com/route/107303058/snake-fingers,1,"Washington > Okanogan > Mazama > Fun (Phun) Rocks > (f) Phun Rock Main Wall & Sunbug Slab",2.6,-1,Lead,Onsight,"Trad, Sport",,55,2600
2019-06-20,"Guide's Day Off",5.10c,,https://www.mountainproject.com/route/108153454/guides-day-off,1,"Washington > Okanogan > Mazama > Fun (Phun) Rocks > (f) Phun Rock Main Wall & Sunbug Slab",3.4,-1,Lead,Onsight,Sport,,40,3200
2019-06-20,Megafauna,5.9,,https://www.mountainproject.com/route/107303042/megafauna,1,"Washington > Okanogan > Mazama > Fun (Phun) Rocks > (f) Phun Rock Main Wall & Sunbug Slab",2.8,-1,Lead,Onsight,Sport,,100,2400
2019-06-20,"Kids Nowadays",5.11a,,https://www.mountainproject.com/route/113676372/kids-nowadays,1,"Washington > Okanogan > Mazama > Fun (Phun) Rocks > (f) Phun Rock Main Wall & Sunbug Slab",2.9,-1,Lead,Onsight,Sport,,60,4600
2019-06-15,"Frank Presley",5.11a,,https://www.mountainproject.com/route/105808027/frank-presley,1,"Washington > Central-West Cascades & Seattle > Skykomish Valley > Index > The Country Area > (c) The Country",2.6,-1,Lead,Redpoint,Sport,,90,4600
2019-06-06,"Crack of Doom",5.10b,,https://www.mountainproject.com/route/105809789/crack-of-doom,1,"Washington > Central-East Cascades, Wenatchee, & Leavenworth > Leavenworth > Tumwater Canyon > Castle Rock > Upper Castle",3.0,-1,TR,,Trad,,80,2900
2019-06-06,"MF Overhang",5.10d,,https://www.mountainproject.com/route/105898536/mf-overhang,1,"Washington > Central-East Cascades, Wenatchee, & Leavenworth > Leavenworth > Tumwater Canyon > Castle Rock > Upper Castle",3.2,-1,TR,,Trad,,,3500
2019-06-06,"Damnation Crack",5.9+,,https://www.mountainproject.com/route/105809780/damnation-crack,1,"Washington > Central-East Cascades, Wenatchee, & Leavenworth > Leavenworth > Tumwater Canyon > Castle Rock > Upper Castle",3.3,-1,Lead,Onsight,Trad,,80,2500
2019-06-06,Angel,5.10b,,https://www.mountainproject.com/route/105852476/angel,1,"Washington > Central-East Cascades, Wenatchee, & Leavenworth > Leavenworth > Tumwater Canyon > Castle Rock > Upper Castle",2.7,-1,Lead,Onsight,Trad,,300,2900
2019-06-05,"Breakfast of Champions",5.10a,,https://www.mountainproject.com/route/105795818/breakfast-of-champions,1,"Washington > Central-West Cascades & Seattle > Skykomish Valley > Index > Lower Town Wall > (C) Main Wall, left side",3.5,-1,Lead,Onsight,Trad,,40,2600
2019-06-04,Rattletale,5.10b,,https://www.mountainproject.com/route/106204435/rattletale,3,"Washington > Central-West Cascades & Seattle > Skykomish Valley > Index > Lookout Point Area > Rattletale Wall",3.8,-1,Lead,Onsight,Trad,,,2900
2019-06-04,"The Brett Thompson and Scott Fuller Memorial Route",5.10c,,https://www.mountainproject.com/route/111825946/the-brett-thompson-and-scott-fuller-memorial-route,5,"Washington > Central-West Cascades & Seattle > Skykomish Valley > Index > Upper Town Wall > (d) Dana's Arch Area",3.4,-1,Lead,Onsight,Trad,,,3200
2019-06-02,"Cunning Stunt",5.10c/d,,https://www.mountainproject.com/route/105800865/cunning-stunt,1,"Washington > Central-West Cascades & Seattle > Skykomish Valley > Index > The Country Area > (c) The Country",3.6,-1,Lead,Onsight,Sport,,80,3400
2019-05-23,"Girls with Chim(n)ay",5.10-,,https://www.mountainproject.com/route/111170331/girls-with-chimnay,1,"Oregon > Central Oregon > Trout Creek > The Northern End",3.2,-1,Lead,Onsight,Trad,,90,2700
2019-05-23,"The Gods Must Be Angry",5.10-,,https://www.mountainproject.com/route/108338622/the-gods-must-be-angry,1,"Oregon > Central Oregon > Trout Creek > The Northern End",3.1,-1,Lead,Onsight,Trad,,,2700
2019-05-23,"Lively Up Yourself",5.10-,"Complacent and didn’t respect the rattley fingers. Disappointed. ",https://www.mountainproject.com/route/106652221/lively-up-yourself,1,"Oregon > Central Oregon > Trout Creek > The Northern End",3.4,-1,Lead,Fell/Hung,Trad,,65,2700
2019-05-23,"Anorexic Doughboy",5.8,,https://www.mountainproject.com/route/107097791/anorexic-doughboy,1,"Oregon > Central Oregon > Trout Creek > The Northern End",2.6,-1,TR,,Trad,,80,2100
2019-05-23,Shasta,5.8,,https://www.mountainproject.com/route/106904122/shasta,1,"Oregon > Central Oregon > Trout Creek > The Northern End",2.8,-1,TR,,Trad,,75,2100
2019-05-23,Plumbline,5.9,,https://www.mountainproject.com/route/110866867/plumbline,1,"Oregon > Central Oregon > Trout Creek > The Northern End",2.6,-1,Lead,Onsight,Trad,,90,2400
2019-05-22,Fissuremen,5.10-,,https://www.mountainproject.com/route/107097844/fissuremen,1,"Oregon > Central Oregon > Trout Creek > The Main Wall",2.6,-1,Lead,Onsight,Trad,,90,2700
2019-05-22,"Winter Sustenance",5.12,,https://www.mountainproject.com/route/106595545/winter-sustenance,1,"Oregon > Central Oregon > Trout Creek > The Main Wall",4.0,-1,TR,,Trad,,90,7000
2019-05-22,"The Space Between",5.10+,,https://www.mountainproject.com/route/106520615/the-space-between,1,"Oregon > Central Oregon > Trout Creek > The Main Wall",3.8,-1,TR,,Trad,,80,3300
2019-05-22,"JR Token",5.10,,https://www.mountainproject.com/route/106505506/jr-token,1,"Oregon > Central Oregon > Trout Creek > The Main Wall",3.7,-1,Lead,Onsight,Trad,,65,3000
2019-05-22,"Gold Rush",5.10-,,https://www.mountainproject.com/route/106505501/gold-rush,1,"Oregon > Central Oregon > Trout Creek > The Main Wall",3.9,-1,Lead,Onsight,Trad,,70,2700
2019-05-21,"Overnight Sensation",5.11b,,https://www.mountainproject.com/route/106732678/overnight-sensation,1,"Oregon > Central Oregon > Smith Rock > (l) Christian Brothers > Christian Brothers - East Side",2.3,-1,Lead,Fell/Hung,Sport,,50,4900
2019-05-20,"Ring of Fire",5.11d,"Really struggled with short crux ",https://www.mountainproject.com/route/105789153/ring-of-fire,1,"Oregon > Central Oregon > Smith Rock > (l) Christian Brothers > Christian Brothers - East Side",2.7,-1,TR,,Sport,,,5500
2019-05-20,"Double Trouble",5.10b,,https://www.mountainproject.com/route/105793960/double-trouble,1,"Oregon > Central Oregon > Smith Rock > (l) Christian Brothers > Christian Brothers - East Side",2.9,-1,Lead,Onsight,Sport,,60,2900
2019-05-20,"Heinous Cling Start",5.12a,"Throw to hug rail is hard. Top rope some more before going for lead",https://www.mountainproject.com/route/109930142/heinous-cling-start,1,"Oregon > Central Oregon > Smith Rock > (k) The Dihedrals",3.8,-1,TR,,Sport,,65,6600
2019-05-20,Moondance,5.11c,"Hung once. Go for lead. ",https://www.mountainproject.com/route/106143405/moondance,1,"Oregon > Central Oregon > Smith Rock > (k) The Dihedrals",3.6,-1,TR,,Sport,,,5200
2019-05-20,"Nine Gallon Buckets",5.10c,,https://www.mountainproject.com/route/105800412/nine-gallon-buckets,2,"Oregon > Central Oregon > Smith Rock > (g) Morning Glory Wall",3.4,-1,Lead,Onsight,Sport,,90,3200
2019-05-20,"Light on the Path",5.10a,,https://www.mountainproject.com/route/105789064/light-on-the-path,1,"Oregon > Central Oregon > Smith Rock > (g) Morning Glory Wall",2.9,-1,Lead,Onsight,Sport,,60,2600
2019-05-20,"Light on the Path",5.10a,,https://www.mountainproject.com/route/105789064/light-on-the-path,1,"Oregon > Central Oregon > Smith Rock > (g) Morning Glory Wall",2.9,-1,Lead,,Sport,,60,2600
2019-05-20,"5 Gallon Buckets",5.8,,https://www.mountainproject.com/route/105789060/5-gallon-buckets,1,"Oregon > Central Oregon > Smith Rock > (g) Morning Glory Wall",3.2,-1,Lead,Onsight,Sport,,60,2100
2019-05-18,"Patent Leather Pump",5.9,,https://www.mountainproject.com/route/105903854/patent-leather-pump,1,"Oregon > Central Oregon > Smith Rock > (z) Lower Gorge > West Side > (3) Catwalk Cliff",2.7,-1,Lead,Onsight,Trad,,65,2400
2019-05-18,"Cruel Sister",5.10a,,https://www.mountainproject.com/route/105791785/cruel-sister,1,"Oregon > Central Oregon > Smith Rock > (z) Lower Gorge > West Side > (3) Catwalk Cliff",3.7,-1,Lead,Onsight,Trad,,80,2600
2019-05-17,"Morning Sky",5.10+,,https://www.mountainproject.com/route/105800402/morning-sky,1,"Oregon > Central Oregon > Smith Rock > (g) Morning Glory Wall",3.0,-1,Lead,Onsight,Sport,,90,3300
2019-05-17,Crossfire,5.12a,,https://www.mountainproject.com/route/105900161/crossfire,1,"California > High Desert > Barstow Area > New Jack City > Box Canyon East > Crossfire Crag",3.6,-1,,,Sport,,80,6600
2019-05-14,"Outer Limits",5.10c,,https://www.mountainproject.com/route/105874465/outer-limits,1,"California > Yosemite National Park > Yosemite Valley > Lower Merced River Canyon > Aj. Cookie Area > The Cookie Cliff",3.8,-1,Lead,Onsight,Trad,,190,3200
2019-05-11,"Reed's Pinnacle-Direct Route",5.10a,,https://www.mountainproject.com/route/105865301/reeds-pinnacle-direct-route,2,"California > Yosemite National Park > Yosemite Valley > Lower Merced River Canyon > At. Reed's Pinnacle Area > Reed's Pinnacle",3.7,-1,Lead,Onsight,Trad,,,2600
2019-05-11,"East Buttress","5.10c A0",,https://www.mountainproject.com/route/105915125/east-buttress,11,"California > Yosemite National Park > Yosemite Valley > Valley South Side > P. Cathedral Area > 6. Middle Cathedral Rock",3.6,-1,Lead,Onsight,"Trad, Aid",,1100,3200
2019-05-09,Kor-Beck,5.9,"Hard ass 5.9. Topout is a mess finding the catwalk ",https://www.mountainproject.com/route/105898685/kor-beck,13,"California > Yosemite National Park > Yosemite Valley > Valley South Side > P. Cathedral Area > 6. Middle Cathedral Rock",2.9,-1,Lead,Onsight,Trad,,1400,2400
2019-05-07,"Central Pillar of Frenzy",5.9,,https://www.mountainproject.com/route/105862930/central-pillar-of-frenzy,5,"California > Yosemite National Park > Yosemite Valley > Valley South Side > P. Cathedral Area > 6. Middle Cathedral Rock",3.8,-1,Lead,Onsight,Trad,,500,2400
2019-05-07,"Mr. Natural",5.10+,,https://www.mountainproject.com/route/105954972/mr-natural,1,"California > Yosemite National Park > Yosemite Valley > Valley South Side > I. Glacier Point Apron > 6. GPA - Right Side",3.9,-1,Lead,Fell/Hung,Trad,,160,3300
2019-05-06,Commitment,5.9,,https://www.mountainproject.com/route/105867013/commitment,3,"California > Yosemite National Park > Yosemite Valley > Valley North Side > E. Yosemite Falls Area > Five Open Books > First Tier",3.4,-1,Lead,Onsight,Trad,,320,2400
2019-05-06,"The Surprise",5.10a,,https://www.mountainproject.com/route/105992030/the-surprise,3,"California > Yosemite National Park > Yosemite Valley > Valley North Side > E. Yosemite Falls Area > Five Open Books > First Tier",3.1,-1,Lead,Onsight,Trad,,400,2600
2019-05-05,"Moby Dick Center",5.10a,,https://www.mountainproject.com/route/105870188/moby-dick-center,1,"California > Yosemite National Park > Yosemite Valley > Valley North Side > B. El Capitan > 1. Base Routes > Southwest Base > Moby Dick and Pterodactyl Terrace",3.7,-1,Lead,Onsight,Trad,,150,2600
2019-05-04,"Monday Morning Slab, Harry Daley Route",5.8,,https://www.mountainproject.com/route/105939242/monday-morning-slab-harry-daley-route,2,"California > Yosemite National Park > Yosemite Valley > Valley South Side > I. Glacier Point Apron > 5. Monday Morning Slab",3.4,-1,Lead,Onsight,Trad,,210,2100
2019-05-04,"Mr. Natural",5.10+,,https://www.mountainproject.com/route/105954972/mr-natural,1,"California > Yosemite National Park > Yosemite Valley > Valley South Side > I. Glacier Point Apron > 6. GPA - Right Side",3.9,-1,Lead,Fell/Hung,Trad,,160,3300
2019-05-03,"After Six",5.7,,https://www.mountainproject.com/route/105862639/after-six,5,"California > Yosemite National Park > Yosemite Valley > Valley North Side > C. El Cap Picnic Area (Eagle Creek) > 5. Manure Pile Buttress (aka Ranger Rock)",2.9,-1,Lead,Onsight,Trad,,600,1800
2019-05-02,"Regular Route (Higher Cathedral Spire)",5.9,"Hard route finding. Many options. ",https://www.mountainproject.com/route/105956387/regular-route-higher-cathedral-spire,4,"California > Yosemite National Park > Yosemite Valley > Valley South Side > P. Cathedral Area > 3. Higher Cathedral Spire",3.5,-1,Lead,Onsight,Trad,,400,2400
2019-05-02,"Braille Book",5.8+,"Wide and difficult ",https://www.mountainproject.com/route/105833552/braille-book,6,"California > Yosemite National Park > Yosemite Valley > Valley South Side > P. Cathedral Area > 5. Higher Cathedral Rock",3.5,-1,Lead,Onsight,Trad,,700,2200
2019-05-01,"La Cosita, Right",5.9,,https://www.mountainproject.com/route/105877768/la-cosita-right,1,"California > Yosemite National Park > Yosemite Valley > Valley North Side > B. El Capitan > 1. Base Routes > Southwest Base > Little John and La Cosita",3.1,-1,Lead,Onsight,Trad,,,2400
2019-05-01,"Pine Line",5.7,,https://www.mountainproject.com/route/105841118/pine-line,1,"California > Yosemite National Park > Yosemite Valley > Valley North Side > B. El Capitan > 1. Base Routes > Southwest Base > Moby Dick and Pterodactyl Terrace",2.8,-1,Lead,Onsight,Trad,,70,1800
2019-04-16,"Bad Moki Roof",5.9+,,https://www.mountainproject.com/route/105717592/bad-moki-roof,1,"Utah > Southeast Utah > Potash Road > Wall Street",2.7,-1,Lead,Onsight,Trad,,,2500
2019-04-03,"Fingers In A Lightsocket",5.11+,,https://www.mountainproject.com/route/105717526/fingers-in-a-lightsocket,1,"Utah > Southeast Utah > Indian Creek > Supercrack Buttress",3.4,-1,Lead,Fell/Hung,Trad,,,5300
2019-04-03,"3 Strikes You're Out",5.11,,https://www.mountainproject.com/route/105717358/3-strikes-youre-out,1,"Utah > Southeast Utah > Indian Creek > Battle of the Bulge Buttress",3.5,-1,Lead,Fell/Hung,Trad,,90,5000
2019-04-03,"Supercrack of the Desert",5.10,,https://www.mountainproject.com/route/105717364/supercrack-of-the-desert,1,"Utah > Southeast Utah > Indian Creek > Supercrack Buttress",3.8,-1,Lead,Onsight,Trad,,,3000
2019-03-28,"Railroad Tracks",5.10,,https://www.mountainproject.com/route/105821587/railroad-tracks,1,"Utah > Southeast Utah > Indian Creek > Battle of the Bulge Buttress",2.5,-1,Lead,Onsight,Trad,,75,3000
2019-03-28,"3 Strikes You're Out",5.11,,https://www.mountainproject.com/route/105717358/3-strikes-youre-out,1,"Utah > Southeast Utah > Indian Creek > Battle of the Bulge Buttress",3.5,-1,Lead,Fell/Hung,Trad,,90,5000
2019-03-28,"3 Strikes You're Out",5.11,,https://www.mountainproject.com/route/105717358/3-strikes-youre-out,1,"Utah > Southeast Utah > Indian Creek > Battle of the Bulge Buttress",3.5,-1,,,Trad,,90,5000
2019-03-28,"Black Corner",5.11,,https://www.mountainproject.com/route/105717355/black-corner,1,"Utah > Southeast Utah > Indian Creek > Battle of the Bulge Buttress",3.5,-1,TR,,Trad,,,5000
2019-03-28,"Digital Readout",5.12b/c,,https://www.mountainproject.com/route/105717739/digital-readout,1,"Utah > Southeast Utah > Indian Creek > Battle of the Bulge Buttress",3.4,-1,TR,,Trad,,50,7100
2019-03-20,"Supercrack of the Desert",5.10,"Amazing ",https://www.mountainproject.com/route/105717364/supercrack-of-the-desert,1,"Utah > Southeast Utah > Indian Creek > Supercrack Buttress",3.8,-1,Lead,Onsight,Trad,,,3000
2019-03-20,"Incredible Hand Crack",5.10,"Fucked up the roof beta",https://www.mountainproject.com/route/105717367/incredible-hand-crack,1,"Utah > Southeast Utah > Indian Creek > Supercrack Buttress",3.8,-1,Lead,Fell/Hung,Trad,,100,3000
2019-03-20,Gorilla,5.10,,https://www.mountainproject.com/route/105717424/gorilla,1,"Utah > Southeast Utah > Indian Creek > Supercrack Buttress",3.2,-1,Lead,Onsight,Trad,,,3000
2019-03-20,"Blue Sun",5.10-,"2nd creek route ",https://www.mountainproject.com/route/105718435/blue-sun,1,"Utah > Southeast Utah > Indian Creek > Way Rambo",3.6,-1,Lead,Onsight,Trad,,70,2700
2019-03-20,"Sig Sauer",5.12a,,https://www.mountainproject.com/route/105718735/sig-sauer,1,"Utah > Southeast Utah > Indian Creek > Pistol Whipped",3.6,-1,Lead,Fell/Hung,Trad,,70,6600
2019-03-19,"Way Rambo",5.12-,"1st creek route ",https://www.mountainproject.com/route/105718642/way-rambo,1,"Utah > Southeast Utah > Indian Creek > Way Rambo",3.8,-1,Lead,Fell/Hung,Trad,,100,6700
2019-03-14,"Ragged Edges",5.8,,https://www.mountainproject.com/route/105732437/ragged-edges,2,"Nevada > Southern Nevada > Red Rocks > (07) Willow Spring > Ragged Edges Area",3.1,-1,Lead,Onsight,Trad,,160,2100
2019-03-14,"Topless Twins",5.9,,https://www.mountainproject.com/route/105732362/topless-twins,1,"Nevada > Southern Nevada > Red Rocks > (10) Pine Creek Canyon > Brass Wall",3.1,-1,Lead,Onsight,Trad,,70,2400
2019-03-14,"Mushroom People",5.10c,,https://www.mountainproject.com/route/105732350/mushroom-people,1,"Nevada > Southern Nevada > Red Rocks > (10) Pine Creek Canyon > Brass Wall",3.4,-1,Lead,Onsight,Trad,,100,3200
2019-03-13,"Simple Truths",5.10c,"Alpine conditions ",https://www.mountainproject.com/route/111590362/simple-truths,1,"Arizona > Northern Arizona > The Arizona Strip > Lime Kiln Canyon > The Sacred Trust",3.1,-1,Lead,Onsight,Sport,,400,3200
2019-03-05,Sondance,5.10c,,https://www.mountainproject.com/route/110588149/sondance,1,"Utah > Southwest Utah > Saint George > Beaver Dam Road > Sunset Alley > The Alley",3.1,-1,Lead,Onsight,Sport,,,3200
2019-03-05,Therapy,5.11a,,https://www.mountainproject.com/route/114311042/therapy,1,"Utah > Southwest Utah > Saint George > Beaver Dam Road > Sunset Alley > The Alley",2.6,-1,Lead,Fell/Hung,Sport,,60,4600
2019-03-05,Kabuki,5.10c,,https://www.mountainproject.com/route/109458556/kabuki,1,"Utah > Southwest Utah > Saint George > Beaver Dam Road > Sunset Alley > The Alley",2.3,-1,Lead,Onsight,Sport,,70,3200
2019-03-05,"Alley Cat",5.8,,https://www.mountainproject.com/route/109458532/alley-cat,1,"Utah > Southwest Utah > Saint George > Beaver Dam Road > Sunset Alley > The Alley",2.4,-1,Lead,Onsight,Sport,,60,2100
2019-02-28,"30 Seconds Over Potash",5.8+,,https://www.mountainproject.com/route/105717463/30-seconds-over-potash,1,"Utah > Southeast Utah > Potash Road > Wall Street",3.0,-1,Lead,Onsight,Trad,,80,2200
2019-02-28,"Nervous in Suburbia",5.10a,,https://www.mountainproject.com/route/105717502/nervous-in-suburbia,1,"Utah > Southeast Utah > Potash Road > Wall Street",3.1,-1,Lead,Flash,Sport,,50,2600
2019-02-28,"Lucy in the Sky with Potash",5.10b,,https://www.mountainproject.com/route/105717580/lucy-in-the-sky-with-potash,1,"Utah > Southeast Utah > Potash Road > Wall Street",2.9,-1,Lead,Onsight,Trad,,,2900
2019-02-28,"Potash Bong Hit",5.9+,,https://www.mountainproject.com/route/106104201/potash-bong-hit,1,"Utah > Southeast Utah > Potash Road > Wall Street",3.0,-1,Lead,Onsight,Trad,,70,2500
2019-02-28,"Flakes of Wrath Direct","5.11 R","Solo top rope. Struggling traversing into the boulder problem. To pumped at start of problem. Need better fitness. ",https://www.mountainproject.com/route/106927403/flakes-of-wrath-direct,1,"Utah > Southeast Utah > Potash Road > Wall Street",3.2,-1,TR,,Trad,,,5000
2019-02-28,"Flakes of Wrath",5.9+,,https://www.mountainproject.com/route/105717511/flakes-of-wrath,1,"Utah > Southeast Utah > Potash Road > Wall Street",3.5,-1,Lead,Redpoint,"Trad, TR",,,2500
2019-02-27,"Ring Pin",5.8,,https://www.mountainproject.com/route/106166490/ring-pin,1,"Utah > Southeast Utah > Potash Road > Wall Street",2.2,-1,Lead,Onsight,Trad,,60,2100
2019-02-27,"Another Roadside Distraction",5.10b,,https://www.mountainproject.com/route/105718018/another-roadside-distraction,1,"Utah > Southeast Utah > Potash Road > Wall Street",2.8,-1,Lead,Onsight,Trad,,80,2900
2019-02-27,"Flakes of Wrath Direct","5.11 R","2 laps. Project ",https://www.mountainproject.com/route/106927403/flakes-of-wrath-direct,1,"Utah > Southeast Utah > Potash Road > Wall Street",3.2,-1,TR,,Trad,,,5000
2019-02-27,"Flakes of Wrath",5.9+,,https://www.mountainproject.com/route/105717511/flakes-of-wrath,1,"Utah > Southeast Utah > Potash Road > Wall Street",3.5,-1,Lead,Onsight,"Trad, TR",,,2500
2019-02-01,"The Peacemaker",5.10a,Slab,https://www.mountainproject.com/route/106080329/the-peacemaker,7,"Arizona > Southern Arizona > Cochise Stronghold > West Stronghold > Sheepshead Area (Southwest) > The Sheepshead",3.5,-1,Lead,Onsight,Sport,,660,2600
2019-01-26,"Aspen Gold",5.8+,,https://www.mountainproject.com/route/111189759/aspen-gold,1,"Arizona > Southern Arizona > Mount Lemmon (Santa Catalina Mountains) > Mount Lemmon (Catalina Highway) > 2 - Bear Canyon > Chessman Area > 1 - Pawn & Chessapeak",2.5,-1,Lead,Flash,Sport,,70,2200
2019-01-16,"George's Buttress",5.7,"First lead in area. Great rock. ",https://www.mountainproject.com/route/105738332/georges-buttress,1,"Arizona > Southern Arizona > Mount Lemmon (Santa Catalina Mountains) > Mount Lemmon (Catalina Highway) > 2 - Bear Canyon > Chimney Rock",2.6,-1,Lead,Flash,"Trad, TR",,70,1800
2019-01-16,"Mistaken Identity",5.9,"Sweet lead. Makes you trust granite feet. ",https://www.mountainproject.com/route/105738404/mistaken-identity,1,"Arizona > Southern Arizona > Mount Lemmon (Santa Catalina Mountains) > Mount Lemmon (Catalina Highway) > 2 - Bear Canyon > Chimney Rock",3.0,-1,Lead,Onsight,Trad,,90,2400
2019-01-14,"Boxer Rebellion",5.8,,https://www.mountainproject.com/route/105813282/boxer-rebellion,1,"Nevada > Southern Nevada > Red Rocks > (03) First Pullout (Calico I) > Panty Wall",2.5,-1,Lead,Onsight,Sport,,60,2100
2019-01-14,"Chicken Eruptus","5.10b R","Physical crux is first bolt. Mental is above the second bolt. Runout traverses. ",https://www.mountainproject.com/route/105732836/chicken-eruptus,1,"Nevada > Southern Nevada > Red Rocks > (07) Willow Spring > Ragged Edges Area",3.5,-1,Lead,Onsight,Trad,,120,2900
2019-01-14,"Plan F - first pitch (5.10a)",5.10a,"Fun traverse at the top. ",https://www.mountainproject.com/route/107793518/plan-f-first-pitch-510a,1,"Nevada > Southern Nevada > Red Rocks > (07) Willow Spring > Ragged Edges Area",3.0,-1,Lead,Onsight,Trad,,50,2600
2019-01-14,"Panty Raid",5.10a,"Next time lead on a double rack of offsets. ",https://www.mountainproject.com/route/105732941/panty-raid,1,"Nevada > Southern Nevada > Red Rocks > (03) First Pullout (Calico I) > Panty Wall",3.2,-1,Lead,Flash,Trad,,80,2600
2019-01-13,"Olive Oil",5.7,"Took 4hrs. Lead all pitches. ",https://www.mountainproject.com/route/105732494/olive-oil,5,"Nevada > Southern Nevada > Red Rocks > (11) Juniper Canyon > Rose Tower",3.4,-1,Lead,Onsight,Trad,,600,1800
2019-01-13,"Straight Shooter",5.9+,"Placed to much pro",https://www.mountainproject.com/route/105732428/straight-shooter,1,"Nevada > Southern Nevada > Red Rocks > (10) Pine Creek Canyon > Straight Shooter Wall",3.6,-1,Lead,Onsight,Trad,,60,2500
2019-01-12,"Valentine's Day",5.8+,,https://www.mountainproject.com/route/105732245/valentines-day,1,"Nevada > Southern Nevada > Red Rocks > (01) Calico Basin > Moderate Mecca > Upper Tier",2.8,-1,Lead,Onsight,"Trad, TR",,50,2200
2019-01-04,"Floyd's Jam",5.10,"Fell on extension bolted extension. Awesome route. ",https://www.mountainproject.com/route/107740039/floyds-jam,1,"Utah > Southwest Utah > Saint George > Underworld",2.7,-1,Lead,Onsight,Trad,,55,3000
2018-12-19,"Joseph Meeks",5.8,,https://www.mountainproject.com/route/106667932/joseph-meeks,1,"Utah > Southwest Utah > Saint George > Bluff Street Cracks",1.4,-1,Lead,Onsight,Trad,,40,2100
2018-12-19,"Deface Crack",5.10a,"Fun lead ",https://www.mountainproject.com/route/105926590/deface-crack,1,"Utah > Southwest Utah > Saint George > Bluff Street Cracks",3.4,-1,Lead,Flash,Trad,,55,2600
2018-12-12,"Right Toilet Bowl Crack",5.10a,"Scary ",https://www.mountainproject.com/route/108617444/right-toilet-bowl-crack,2,"Utah > Southwest Utah > Zion National Park > Temple of Sinawava",3.1,-1,Lead,Fell/Hung,Trad,,,2600
2018-12-12,"Weeping Rock Chimney's, Left Side",5.8,,https://www.mountainproject.com/route/108299701/weeping-rock-chimneys-left-side,3,"Utah > Southwest Utah > Zion National Park > Weeping Rock",2.6,-1,Lead,Onsight,Trad,,400,2100
2018-11-20,"Atomic Indian",5.11a,"Hard top",https://www.mountainproject.com/route/106663255/atomic-indian,1,"Utah > Southwest Utah > Saint George > Snow Canyon State Park > The Enclosure",3.6,-1,Lead,Redpoint,Trad,,60,4600
2018-10-14,Beastiality,5.11a/b,,https://www.mountainproject.com/route/112572753/beastiality,1,"Utah > Southwest Utah > Saint George > Lambs Knoll > Mutton Block",3.5,-1,Lead,Fell/Hung,Sport,,40,4800
2018-10-08,"Crash Landing",V3,,https://www.mountainproject.com/route/106325156/crash-landing,1,"Utah > Southwest Utah > Saint George > Moe's Valley > Sentinel Area > Sentinel Boulder",2.7,4,,,Boulder,V3,,20300
2018-09-09,"6.  Yo Sister",5.11a,"Originally called Bitches Be Hatin’; I prefer the og name. Found two bitches. ",https://www.mountainproject.com/route/114797897/6-yo-sister,1,"Michigan > Upper Peninsula > Silver Mountain > Main Wall",2.5,2,Lead,Onsight,Sport,"5.11a PG13",60,4600
2018-08-20,"25a.  Golden Heart",5.11a,,https://www.mountainproject.com/route/114798193/25a-golden-heart,1,"Michigan > Upper Peninsula > Silver Mountain > Main Wall",3.5,-1,Lead,Redpoint,Sport,,65,4600
