Route,Rating,URL,Pitches,Location,"Avg Stars","Your Stars","Route Type","Your Rating",Length,"Rating Code"
"The Crack",V2,https://www.mountainproject.com/route/107369958/the-crack,1,"Washington > Central-East Cascades, Wenatchee, & Leavenworth > Leavenworth > Icicle Creek > ** Bouldering in Icicle Creek > Mad Meadows > Rail Boulder",2.4,-1,Boulder,,10,20200
"The Page",5.11a,https://www.mountainproject.com/route/108506211/the-page,9,"Washington > Northwest Region > Darrington and Mountain Loop Hwy > Darrington > Squire Creek Wall > Illusion Wall",3.5,-1,Trad,,1000,4600
"Hind Quarters",5.10b,https://www.mountainproject.com/route/106228490/hind-quarters,1,"Washington > Central-East Cascades, Wenatchee, & Leavenworth > Leavenworth > Icicle Creek > Alphabet Rock",2.6,-1,Sport,,60,2900
"Pulled Pork",5.10a,https://www.mountainproject.com/route/115137889/pulled-pork,1,"Washington > Central-East Cascades, Wenatchee, & Leavenworth > Leavenworth > Icicle Creek > Value Village",4.0,-1,Trad,,115,2600
"Full Boar",5.11b,https://www.mountainproject.com/route/115137632/full-boar,1,"Washington > Central-East Cascades, Wenatchee, & Leavenworth > Leavenworth > Icicle Creek > Value Village",4.0,-1,Trad,,105,4900
"Viagra Club",5.12a,https://www.mountainproject.com/route/108114640/viagra-club,1,"Washington > Central-East Cascades, Wenatchee, & Leavenworth > Leavenworth > Icicle Creek > Eight Mile Area > Veteran's Club",3.3,-1,Sport,,50,6600
"Crack du Jour",5.8+,https://www.mountainproject.com/route/108203856/crack-du-jour,1,"Washington > Central-East Cascades, Wenatchee, & Leavenworth > Leavenworth > Icicle Creek > Eight Mile Area > Crack du Jour",2.9,-1,Trad,,60,2200
Sidesplitter,5.10a,https://www.mountainproject.com/route/108610208/sidesplitter,1,"Washington > Central-East Cascades, Wenatchee, & Leavenworth > Leavenworth > Icicle Creek > Eight Mile Area > Crack du Jour",1.8,-1,Trad,,65,2600
"Barbie Mud Flaps",5.10a,https://www.mountainproject.com/route/106278163/barbie-mud-flaps,1,"Washington > Central-East Cascades, Wenatchee, & Leavenworth > Leavenworth > Icicle Creek > Eight Mile Area > JY Crag",2.4,-1,"Trad, Sport",,80,2600
"Finger Food",5.8,https://www.mountainproject.com/route/122177034/finger-food,1,"Washington > Central-East Cascades, Wenatchee, & Leavenworth > Leavenworth > Icicle Creek > Eight Mile Area > JY Crag",2.8,-1,Trad,,30,2100
"Janetors of Justice",5.8,https://www.mountainproject.com/route/107670264/janetors-of-justice,1,"Washington > Central-East Cascades, Wenatchee, & Leavenworth > Leavenworth > Icicle Creek > Eight Mile Area > JY Crag",2.4,-1,Trad,,,2100
Ragweed,5.9,https://www.mountainproject.com/route/106590878/ragweed,1,"Washington > Central-East Cascades, Wenatchee, & Leavenworth > Leavenworth > Icicle Creek > Eight Mile Area > JY Crag",2.3,-1,"Trad, Sport",,75,2400
"Armed Forces Crack",5.10b,https://www.mountainproject.com/route/106278152/armed-forces-crack,1,"Washington > Central-East Cascades, Wenatchee, & Leavenworth > Leavenworth > Icicle Creek > Eight Mile Area > JY Crag",3.1,-1,Trad,,80,2900
"China Beach",5.14b,https://www.mountainproject.com/route/106102678/china-beach,1,"New Hampshire > *Rumney > Waimea",4.0,-1,Sport,,,10900
"Golden Road",5.11c,https://www.mountainproject.com/route/106255312/golden-road,5,"Washington > Central-West Cascades & Seattle > Skykomish Valley > Index > Upper Town Wall > (d) Dana's Arch Area",3.6,-1,Sport,,380,5200
"Hell Bent for Glory",5.10d,https://www.mountainproject.com/route/108136104/hell-bent-for-glory,7,"Washington > Central-West Cascades & Seattle > Skykomish Valley > Index > The Diamond Area > The Diamond",3.7,-1,Trad,,,3500
"Z Crack",5.10d,https://www.mountainproject.com/route/105825065/z-crack,1,"Washington > Central-East Cascades, Wenatchee, & Leavenworth > Leavenworth > Icicle Creek > Alphabet Rock",3.2,-1,Trad,,60,3500
"Meat Grinder",5.10a,https://www.mountainproject.com/route/105825060/meat-grinder,1,"Washington > Central-East Cascades, Wenatchee, & Leavenworth > Leavenworth > Icicle Creek > Alphabet Rock",2.9,-1,Trad,,70,2600
"Carnival Crack",5.10d,https://www.mountainproject.com/route/108090147/carnival-crack,1,"Washington > Central-East Cascades, Wenatchee, & Leavenworth > Leavenworth > Icicle Creek > Carnival Crag",3.3,-1,Trad,,60,3500
"The Cube","V2 PG13",https://www.mountainproject.com/route/108359526/the-cube,1,"Washington > Central-East Cascades, Wenatchee, & Leavenworth > Leavenworth > Icicle Creek > ** Bouldering in Icicle Creek > Clamshell Cave > The Cube",3.2,-1,Boulder,,25,20200
"Cube Crack (Low)",V2,https://www.mountainproject.com/route/108359567/cube-crack-low,1,"Washington > Central-East Cascades, Wenatchee, & Leavenworth > Leavenworth > Icicle Creek > ** Bouldering in Icicle Creek > Clamshell Cave > The Cube",3.1,-1,Boulder,,23,20200
"Deb's Crack",5.10d,https://www.mountainproject.com/route/115400933/debs-crack,1,"Washington > Central-East Cascades, Wenatchee, & Leavenworth > Leavenworth > Icicle Creek > Playground Point Area > Deb's Crack area > Deb's Crack",2.3,-1,Trad,,40,3500
"Jolly Rando Alpine Climb",5.9,https://www.mountainproject.com/route/124228594/jolly-rando-alpine-climb,3,"Washington > Central-West Cascades & Seattle > Skykomish Valley > Index > Lookout Point Area > Lookout Point > (c) The Apron Area",2.4,-1,Trad,,200,2400
"The Golden Age of Ballooning",5.12a,https://www.mountainproject.com/route/124354395/the-golden-age-of-ballooning,1,"Washington > Central-West Cascades & Seattle > Skykomish Valley > Index > Lookout Point Area > Lookout Point > (a) West Side > (E) The Velvet",3.8,-1,"Trad, TR",,100,6600
"The Alpinist's Secret Handjam",5.10+,https://www.mountainproject.com/route/124352573/the-alpinists-secret-handjam,1,"Washington > Central-West Cascades & Seattle > Skykomish Valley > Index > Lookout Point Area > Lookout Point > (a) West Side > (E) The Velvet",3.5,-1,Trad,,100,3300
Money,5.11,https://www.mountainproject.com/route/114086704/money,1,"Washington > Central-West Cascades & Seattle > Skykomish Valley > Index > Lookout Point Area > Lookout Point > (b) Central Area",3.9,-1,Trad,,,5000
"Steel Pulse",5.10c,https://www.mountainproject.com/route/110182972/steel-pulse,3,"Washington > Central-West Cascades & Seattle > Skykomish Valley > Index > Lookout Point Area > Lookout Point > (c) The Apron Area",3.4,-1,Trad,,300,3200
"Royal Flush",V2+,https://www.mountainproject.com/route/108292021/royal-flush,1,"Washington > Central-East Cascades, Wenatchee, & Leavenworth > Leavenworth > Tumwater Canyon > ** Bouldering in Tumwater Canyon > Swiftwater Boulders > Royal Flush",3.8,-1,Boulder,,15,20210
"There Will Be Blood",V3,https://www.mountainproject.com/route/121312971/there-will-be-blood,1,"Washington > Central-East Cascades, Wenatchee, & Leavenworth > Smithbrook > Blockbuster Boulders > There Will Be Blood Boulder",3.8,-1,Boulder,,12,20300
"French Exit",V4,https://www.mountainproject.com/route/117251268/french-exit,1,"Washington > Central-West Cascades & Seattle > Skykomish Valley > Miller River Boulders > Morpheus Boulders > 420 Zone > French Exit Boulder",3.7,-1,Boulder,,15,20400
"The Wave",V1,https://www.mountainproject.com/route/112172968/the-wave,1,"Washington > Central-East Cascades, Wenatchee, & Leavenworth > Leavenworth > Tumwater Canyon > ** Bouldering in Tumwater Canyon > The Beach and Forest Area > The Beach > The Wave Boulder",2.8,-1,Boulder,,12,20100
"Beach slab",V1,https://www.mountainproject.com/route/106585615/beach-slab,1,"Washington > Central-East Cascades, Wenatchee, & Leavenworth > Leavenworth > Tumwater Canyon > ** Bouldering in Tumwater Canyon > The Beach and Forest Area > The Beach > Slab Boulder",3.5,-1,Boulder,,,20100
Brickwork,V0,https://www.mountainproject.com/route/112034786/brickwork,1,"Washington > Central-East Cascades, Wenatchee, & Leavenworth > Leavenworth > Tumwater Canyon > ** Bouldering in Tumwater Canyon > The Beach and Forest Area > The Forest > U2 Boulder",3.3,-1,Boulder,,10,20008
"Beached Whale",V3,https://www.mountainproject.com/route/113011857/beached-whale,1,"Washington > Central-East Cascades, Wenatchee, & Leavenworth > Leavenworth > Tumwater Canyon > ** Bouldering in Tumwater Canyon > The Beach and Forest Area > The Beach > Slab Boulder",3.7,-1,Boulder,,20,20300
"Gaze of the Grasshopper",V4,https://www.mountainproject.com/route/117001360/gaze-of-the-grasshopper,1,"Washington > Central-East Cascades, Wenatchee, & Leavenworth > Leavenworth > Tumwater Canyon > ** Bouldering in Tumwater Canyon > The Beach and Forest Area > The Beach Parking Boulders > The Grasshopper",3.3,-1,Boulder,,,20400
"Dyno 101",V3,https://www.mountainproject.com/route/106288705/dyno-101,1,"Washington > Central-East Cascades, Wenatchee, & Leavenworth > Leavenworth > Tumwater Canyon > ** Bouldering in Tumwater Canyon > The Beach and Forest Area > The Beach > Dyno 101",3.4,-1,Boulder,,,20300
"The Fridge Center",V4,https://www.mountainproject.com/route/106182185/the-fridge-center,1,"Washington > Central-East Cascades, Wenatchee, & Leavenworth > Leavenworth > Icicle Creek > ** Bouldering in Icicle Creek > The Fridge",3.7,-1,Boulder,,,20400
"Ragged Edge",5.7,https://www.mountainproject.com/route/111130499/ragged-edge,6,"Washington > Northwest Region > Darrington and Mountain Loop Hwy > Glacier Peak Wilderness > Vesper Peak",3.3,-1,"Trad, Alpine",,,1800
"East Wilmans Spire",5.6,https://www.mountainproject.com/route/120288544/east-wilmans-spire,3,"Washington > Northwest Region > Darrington and Mountain Loop Hwy > Glacier Peak Wilderness > Wilmans Peak Group > Wilmans Spires",2.3,-1,"Trad, Alpine",,140,1600
"Stemmin' Ms",5.12a,https://www.mountainproject.com/route/106260021/stemmin-ms,1,"Washington > Central Region > Frenchman Coulee (Vantage) > Echo Basin > Sunshine's Lower Cliffs > (g) M & M Wall",3.3,-1,Sport,,45,6600
"King of the Ruins",5.12a,https://www.mountainproject.com/route/107320512/king-of-the-ruins,1,"Washington > Central Region > Frenchman Coulee (Vantage) > Echo Basin > Powerhouse Area > (b) Powerhouse Wall",3.6,-1,Sport,,55,6600
Fred,5.12a,https://www.mountainproject.com/route/105893106/fred,1,"Arizona > Central Arizona > **Prescott Area > Granite Dells > Granite Gardens > High Rappel Area > Main Wall Left",3.9,-1,Trad,,60,6600
"Thin Slice aka A Thin Slice of Plum Pie",5.10,https://www.mountainproject.com/route/106329218/thin-slice-aka-a-thin-slice-of-plum-pie,3,"Arizona > Central Arizona > **Prescott Area > Granite Mountain > Right Section",3.6,-1,"Trad, Sport",,250,3000
"The Slammer Jam",5.10,https://www.mountainproject.com/route/105886478/the-slammer-jam,5,"Arizona > Central Arizona > **Prescott Area > Granite Mountain > Middle Section",3.6,-1,Trad,,,3000
Reunion,5.10-,https://www.mountainproject.com/route/105803377/reunion,4,"Arizona > Central Arizona > **Prescott Area > Granite Mountain > Middle Section",3.8,-1,Trad,,250,2700
"Chiêu Hôi",5.9,https://www.mountainproject.com/route/105803635/chieu-hoi,3,"Arizona > Central Arizona > **Prescott Area > Granite Mountain > Right Section",3.2,-1,Trad,,300,2400
"Sonoran Gold",5.11,https://www.mountainproject.com/route/118715508/sonoran-gold,4,"Arizona > Central Arizona > **Phoenix Areas > Superstition Mountains > The Motherlode",4.0,-1,Trad,,390,5000
"The Altar of Impermanence",5.10,https://www.mountainproject.com/route/120121786/the-altar-of-impermanence,2,"Arizona > Central Arizona > **Phoenix Areas > Superstition Mountains > The Sundial",3.5,-1,Sport,,110,3000
"Home on the Range",5.13d,https://www.mountainproject.com/route/106530002/home-on-the-range,1,"Wyoming > Laramie Area > Vedauwoo > Coyote Rocks > Home on the Range Rock (temporary name)",3.5,-1,Trad,,50,9500
"Jump Back Jack Crack",5.10c,https://www.mountainproject.com/route/105929088/jump-back-jack-crack,1,"Arizona > Central Arizona > **Prescott Area > Granite Mountain > Right Section",3.9,-1,Trad,,90,3200
"The Rangeler",5.11+,https://www.mountainproject.com/route/111771167/the-rangeler,1,"Arizona > Central Arizona > Stewart Pocket > Ashley's Block",3.7,-1,"Trad, TR",,60,5300
Equinox,5.12c,https://www.mountainproject.com/route/105722746/equinox,1,"California > Joshua Tree National Park > Queen Valley Area > Geology Tour Road > Geology Tour Road West > Jerry's Quarry and Lost Pencil Areas > Jerry's Quarry",4.0,-1,Trad,,80,7200
"Whole Lota Rosie",5.10+,https://www.mountainproject.com/route/108414637/whole-lota-rosie,2,"New Mexico > Jemez Mountains and Jemez Valley > Capulin Canyon and Cochiti Mesa Area Crags > Capulin Canyon > Main Cliff",2.5,-1,Trad,,175,3300
Opus,5.10+,https://www.mountainproject.com/route/109711619/opus,1,"New Mexico > Jemez Mountains and Jemez Valley > Capulin Canyon and Cochiti Mesa Area Crags > Capulin Canyon > Upper Wall",3.9,-1,Trad,,75,3300
"The Trojan",5.11,https://www.mountainproject.com/route/108411937/the-trojan,1,"New Mexico > Jemez Mountains and Jemez Valley > Capulin Canyon and Cochiti Mesa Area Crags > Capulin Canyon > Upper Wall",3.9,-1,Trad,,80,5000
"Tuning Fork",5.11,https://www.mountainproject.com/route/108415582/tuning-fork,1,"New Mexico > Jemez Mountains and Jemez Valley > Capulin Canyon and Cochiti Mesa Area Crags > Capulin Canyon > The Hinterlands",3.3,-1,Trad,,62,5000
"The Holy Grail",5.11c,https://www.mountainproject.com/route/108411512/the-holy-grail,1,"New Mexico > Jemez Mountains and Jemez Valley > Capulin Canyon and Cochiti Mesa Area Crags > Capulin Canyon > Capulet Side Canyon",4.0,-1,Trad,,75,5200
"Butterscotch Crack",5.11d,https://www.mountainproject.com/route/115193762/butterscotch-crack,1,"New Mexico > Jemez Mountains and Jemez Valley > Capulin Canyon and Cochiti Mesa Area Crags > Capulin Canyon > Ice Cream Parlor > Main Sector",3.9,-1,Trad,,90,5500
Widowmaker,5.12-,https://www.mountainproject.com/route/108414643/widowmaker,1,"New Mexico > Jemez Mountains and Jemez Valley > Capulin Canyon and Cochiti Mesa Area Crags > Capulin Canyon > Main Cliff",4.0,4,Trad,5.11,180,6700
Anklebiter,5.12-,https://www.mountainproject.com/route/108411535/anklebiter,1,"New Mexico > Jemez Mountains and Jemez Valley > Capulin Canyon and Cochiti Mesa Area Crags > Capulin Canyon > Capulet Side Canyon",4.0,-1,Trad,,75,6700
"Astro Devil",5.11+,https://www.mountainproject.com/route/107046712/astro-devil,3,"New Mexico > Santa Fe Area > Diablo Canyon > Sun Devil Wall",4.0,-1,Sport,,350,5300
Bedeviled,5.11b,https://www.mountainproject.com/route/106487845/bedeviled,1,"New Mexico > Santa Fe Area > Diablo Canyon > The Grotto > Grotto Left (East Side) Lower Tier",3.8,-1,Sport,,90,4900
"No Sketching",5.12a,https://www.mountainproject.com/route/107273383/no-sketching,1,"New Mexico > Jemez Mountains and Jemez Valley > Las Conchas > (D) Chilly Willy Wall",3.5,-1,Sport,,45,6600
"Happy Entrails",5.12c,https://www.mountainproject.com/route/106203468/happy-entrails,1,"New Mexico > Jemez Mountains and Jemez Valley > Las Conchas > (E) Love Shack Area",3.5,-1,Sport,,35,7200
"Half Baked Alaska",5.12b,https://www.mountainproject.com/route/112203449/half-baked-alaska,1,"New Mexico > Jemez Mountains and Jemez Valley > Las Conchas > (D) Chilly Willy Wall",2.2,-1,Sport,,42,6900
"Under Siege",5.11c,https://www.mountainproject.com/route/106027583/under-siege,1,"New Mexico > Jemez Mountains and Jemez Valley > Gilman Tunnels > The Broken Arrows > Right Arrow",3.1,-1,Sport,,75,5200
"Hostile Takeover",5.11d,https://www.mountainproject.com/route/106027565/hostile-takeover,1,"New Mexico > Jemez Mountains and Jemez Valley > Gilman Tunnels > The Broken Arrows > Right Arrow",3.8,-1,Sport,,80,5500
"Time Wave Zero",5.12a,https://www.mountainproject.com/route/106087605/time-wave-zero,23,"International > North America > Mexico > Nuevo Leon > El Potrero Chico > Timewave Buttress",3.8,-1,Sport,,2300,6600
"Brother From Another Planet",5.12-,https://www.mountainproject.com/route/106058396/brother-from-another-planet,1,"Utah > Southeast Utah > Indian Creek > Fin Wall",3.8,-1,Trad,,90,6700
"Feliz de Fin",5.10+,https://www.mountainproject.com/route/111752532/feliz-de-fin,1,"Utah > Southeast Utah > Indian Creek > Fin Wall",2.8,-1,Trad,,110,3300
"The Last Day",5.11c,https://www.mountainproject.com/route/105802059/the-last-day,1,"Utah > Southeast Utah > Indian Creek > Fin Wall",3.3,-1,Trad,,100,5200
Demolition,5.11,https://www.mountainproject.com/route/106645807/demolition,1,"Utah > Southeast Utah > Indian Creek > Fin Wall",3.4,-1,Trad,,150,5000
DF,5.11,https://www.mountainproject.com/route/107912066/df,1,"Utah > Southeast Utah > Indian Creek > Fin Wall",3.0,-1,Trad,,90,5000
"Pope's Prow",V6,https://www.mountainproject.com/route/105908245/popes-prow,1,"California > Eastern Sierra > Bishop Area > Buttermilk Country > Buttermilks Main > Mandala/Pope's Prow Boulder",3.9,-1,Boulder,,15,20600
"M.C.'s Hammer",5.11-,https://www.mountainproject.com/route/106590879/mcs-hammer,1,"Utah > Southeast Utah > Indian Creek > Cliffs of Insanity",3.8,-1,Trad,,100,4700
"No Scar",5.10,https://www.mountainproject.com/route/121727548/no-scar,1,"Utah > Southeast Utah > Indian Creek > Scarface",2.9,-1,Trad,,60,3000
"Craig Luebben's Dream Line",5.12,https://www.mountainproject.com/route/122592349/craig-luebbens-dream-line,1,"Utah > Southeast Utah > Indian Creek > Scarface",4.0,-1,Trad,,90,7000
"Cheap Sunglasses....Formerly Banditos",5.11-,https://www.mountainproject.com/route/108026519/cheap-sunglassesformerly-banditos,2,"Utah > Southeast Utah > Indian Creek > Scarface",3.4,-1,Trad,,240,4700
Unnamed,5.12,https://www.mountainproject.com/route/105799607/unnamed,1,"Utah > Southeast Utah > Indian Creek > Power Wall",3.1,-1,Trad,,60,7000
"Power Play",5.11,https://www.mountainproject.com/route/105798885/power-play,1,"Utah > Southeast Utah > Indian Creek > Power Wall",3.0,-1,Trad,,50,5000
"Flower Power",5.10b/c,https://www.mountainproject.com/route/105798882/flower-power,1,"Utah > Southeast Utah > Indian Creek > Power Wall",2.9,-1,Trad,,,3100
"Power Line",5.12,https://www.mountainproject.com/route/105798876/power-line,1,"Utah > Southeast Utah > Indian Creek > Power Wall",3.7,-1,Trad,,55,7000
"Big Brother",5.11,https://www.mountainproject.com/route/106583894/big-brother,1,"Utah > Southeast Utah > Indian Creek > Power Wall",3.9,-1,Trad,,121,5000
Vienna,5.11-,https://www.mountainproject.com/route/106787270/vienna,1,"Utah > Southeast Utah > Indian Creek > Scarface",2.7,-1,Trad,,60,4700
"9 Lives",5.11c,https://www.mountainproject.com/route/105717712/9-lives,1,"Utah > Southeast Utah > Indian Creek > Cat Wall",3.9,-1,Trad,,120,5200
"West Face",5.11c,https://www.mountainproject.com/route/105916323/west-face,3,"Utah > Southeast Utah > Arches National Park > Argon Tower",2.8,-1,Trad,,250,5200
"The National Hot Rod Association",5.12a/b,https://www.mountainproject.com/route/106422208/the-national-hot-rod-association,1,"Utah > Southeast Utah > The Needles District",4.0,-1,Trad,,20,6800
"Andre The Giant",5.11-,https://www.mountainproject.com/route/115361104/andre-the-giant,1,"Utah > Southeast Utah > Indian Creek > Cliffs of Insanity",2.7,-1,Trad,,30,4700
"The Wind Rider",5.13,https://www.mountainproject.com/route/121656916/the-wind-rider,1,"Utah > Southeast Utah > Indian Creek > Cliffs of Insanity",4.0,-1,Trad,,65,9000
"Dos Hermanos",5.11+,https://www.mountainproject.com/route/105717532/dos-hermanos,1,"Utah > Southeast Utah > Indian Creek > Donnelly Canyon",3.8,-1,Trad,,,5300
"Serrator Crack",5.11-,https://www.mountainproject.com/route/105800700/serrator-crack,1,"Utah > Southeast Utah > Indian Creek > Way Rambo",3.5,-1,Trad,,70,4700
"Vision Quest","5.10d PG13",https://www.mountainproject.com/route/105717655/vision-quest,4,"Utah > Southeast Utah > Indian Creek > The Bridger Jacks > King of Pain",3.7,-1,Trad,,450,3500
Doja,V7,https://www.mountainproject.com/route/105826304/doja,1,"Washington > Central-West Cascades & Seattle > Skykomish Valley > Gold Bar Boulders > Reiter Foothills > Forest > Central Forest > Doja Boulder",3.5,-1,Boulder,,10,20700
"Fern Crack",V3,https://www.mountainproject.com/route/109333459/fern-crack,1,"Washington > Central-West Cascades & Seattle > Skykomish Valley > Gold Bar Boulders > Reiter Foothills > Forest > Central Forest > Doja Boulder",3.6,-1,Boulder,,15,20300
"Midnight Lichen",V4,https://www.mountainproject.com/route/108662917/midnight-lichen,1,"Washington > Central-West Cascades & Seattle > Skykomish Valley > Gold Bar Boulders > Reiter Foothills > Forest > East Forest > Midnight Lichen Group > Midnight Lichen",3.5,-1,Boulder,,,20400
"Gates of Fire",V4+,https://www.mountainproject.com/route/106026630/gates-of-fire,1,"Washington > Central-West Cascades & Seattle > Skykomish Valley > Gold Bar Boulders > Reiter Foothills > Forest > East Forest > Thermopylae Wall",3.8,-1,Boulder,,15,20410
"Levitation Boulder | 1010",V4,https://www.mountainproject.com/route/105871010/levitation-boulder-1010,1,"Washington > Central-West Cascades & Seattle > Skykomish Valley > Gold Bar Boulders > Reiter Foothills > Forest > West Forest > Levitation Boulder",3.7,-1,Boulder,,,20400
Water,V6,https://www.mountainproject.com/route/114014504/water,1,"Washington > Central-West Cascades & Seattle > Skykomish Valley > Gold Bar Boulders > Reiter Foothills > Clearcut > Positive Vibrations Area > Water boulder",3.6,-1,Boulder,,12,20600
Chaac,V4,https://www.mountainproject.com/route/119248994/chaac,1,"Washington > Central-West Cascades & Seattle > Skykomish Valley > Gold Bar Boulders > Reiter Foothills > Forest > Central Forest > Funpuppet Boulders > Chaac",3.7,-1,Boulder,,25,20400
"El Navigante",V5,https://www.mountainproject.com/route/111927341/el-navigante,1,"Washington > Central-West Cascades & Seattle > Skykomish Valley > Gold Bar Boulders > Reiter Foothills > Forest > Central Forest > Funpuppet Boulders > El Navigante",4.0,-1,Boulder,,35,20500
"Psycho Wussy",5.11b,https://www.mountainproject.com/route/112070225/psycho-wussy,1,"Washington > Central-West Cascades & Seattle > North Bend & Vicinity > Exit 32; Little Si > World Wall Group > World Wall",2.9,-1,Sport,,60,4900
"Rainy Day Women",5.12a,https://www.mountainproject.com/route/105789888/rainy-day-women,1,"Washington > Central-West Cascades & Seattle > North Bend & Vicinity > Exit 32; Little Si > World Wall Group > World Wall",3.5,-1,Sport,,100,6600
Obesity,V7,https://www.mountainproject.com/route/105974717/obesity,1,"Washington > Central-West Cascades & Seattle > Skykomish Valley > Gold Bar Boulders > Reiter Foothills > Clearcut > Fraggle Rock Group",3.9,-1,Boulder,,,20700
"Fish Crack",5.12a,https://www.mountainproject.com/route/106351829/fish-crack,1,"California > Yosemite National Park > Yosemite Valley > Lower Merced River Canyon > An. Cascade Area > Cascade Falls - Left",3.8,-1,Trad,,100,6600
"Cookie Monster",5.12a,https://www.mountainproject.com/route/105992940/cookie-monster,1,"California > Yosemite National Park > Yosemite Valley > Lower Merced River Canyon > Aj. Cookie Area > The Cookie Cliff",3.8,-1,Sport,,,6600
"Lunatic Fringe",5.10c,https://www.mountainproject.com/route/105870727/lunatic-fringe,1,"California > Yosemite National Park > Yosemite Valley > Lower Merced River Canyon > At. Reed's Pinnacle Area > Reed's Pinnacle",3.9,-1,Trad,,140,3200
"Pressure Drop",5.11a,https://www.mountainproject.com/route/106436379/pressure-drop,1,"Washington > Central-West Cascades & Seattle > Skykomish Valley > Index > Upper Wall's Lower Tier and Trail > Pressure Drop Wall",3.8,-1,"Trad, TR",,70,4600
"The Wizard",5.10c,https://www.mountainproject.com/route/111976738/the-wizard,1,"Washington > Central-West Cascades & Seattle > Skykomish Valley > Index > The Cheeks > (2) Lower Cheeks",3.1,-1,Sport,,,3200
Supernaught,5.10+,https://www.mountainproject.com/route/114521998/supernaught,1,"Washington > Central-West Cascades & Seattle > Skykomish Valley > Index > The Cheeks > (2) Lower Cheeks",2.4,-1,Trad,,50,3300
Mermaid,5.10-,https://www.mountainproject.com/route/121956753/mermaid,1,"Washington > Central-West Cascades & Seattle > Skykomish Valley > Index > The Cheeks > (1) Upper Cheeks > (c) The Beach",3.0,-1,Sport,,75,2700
"Flight of the Falcon",5.10b/c,https://www.mountainproject.com/route/115159395/flight-of-the-falcon,9,"Washington > Northwest Region > Darrington and Mountain Loop Hwy > Darrington > Squire Creek Wall > Waterfall Basin",3.8,-1,"Trad, Alpine",,800,3100
"Roan Wall - Center Stage",5.11a,https://www.mountainproject.com/route/106257989/roan-wall-center-stage,10,"Washington > Northwest Region > Darrington and Mountain Loop Hwy > Darrington > Squire Creek Wall > Waterfall Basin",3.8,-1,"Trad, Alpine",,1000,4600
"Never-Never Crack",5.13a,https://www.mountainproject.com/route/108642195/never-never-crack,1,"Washington > Central-East Cascades, Wenatchee, & Leavenworth > Leavenworth > Icicle Creek > Givler's & Magic Domes > Givler's Dome",3.8,-1,Trad,,40,8600
"The Ascentionist",5.10b/c,https://www.mountainproject.com/route/114778289/the-ascentionist,6,"Washington > Central-West Cascades & Seattle > North Bend & Vicinity > Exit 38 > Deception Crags > Nevermind Wall",2.8,-1,Sport,,580,3100
Cultureshock,5.12a,https://www.mountainproject.com/route/105793317/cultureshock,1,"Washington > Central-West Cascades & Seattle > North Bend & Vicinity > Exit 38 > Deception Crags > Nevermind Wall",3.4,-1,Sport,,55,6600
Primus,5.11a,https://www.mountainproject.com/route/106006893/primus,1,"Washington > Central-West Cascades & Seattle > North Bend & Vicinity > Exit 38 > Mt Washington > Amazonia",3.3,-1,Sport,,65,4600
"La Vida Locomotive",5.11a,https://www.mountainproject.com/route/109116887/la-vida-locomotive,1,"Washington > Central-West Cascades & Seattle > North Bend & Vicinity > Exit 38 > Deception Crags > Deception Wall",3.3,-1,Sport,,80,4600
"West Face",5.11+,https://www.mountainproject.com/route/105806033/west-face,9,"Washington > Central-East Cascades, Wenatchee, & Leavenworth > Stuart-Enchantments > Colchuck Balanced Rock",3.8,-1,Trad,,,5300
"The Scoop",5.11c,https://www.mountainproject.com/route/106871886/the-scoop,10,"Washington > Central-East Cascades, Wenatchee, & Leavenworth > Stuart-Enchantments > Colchuck Balanced Rock",3.4,-1,Trad,,1000,5200
"Hogum's Heroes",5.11b,https://www.mountainproject.com/route/105840529/hogums-heroes,5,"Utah > Wasatch Range > Central Wasatch > Little Cottonwood Canyon > Hogum Fork",3.6,3,"Trad, Alpine","5.11a R",750,4900
"Ellen Pea","5.11 PG13",https://www.mountainproject.com/route/106565918/ellen-pea,7,"Washington > Northwest Region > Hwy 20 and North Cascades National Park > North Cascades > Washington Pass > M&M Wall (Supercave)",3.9,-1,"Trad, Alpine",,900,5000
"The Tiger",5.12,https://www.mountainproject.com/route/109429099/the-tiger,11,"Washington > Northwest Region > Hwy 20 and North Cascades National Park > North Cascades > Washington Pass > M&M Wall (Supercave)",3.8,-1,"Trad, Alpine",,1000,7000
"Direct North Ridge",5.9+,https://www.mountainproject.com/route/106245725/direct-north-ridge,20,"Washington > Central-East Cascades, Wenatchee, & Leavenworth > Stuart-Enchantments > Mt Stuart",3.9,-1,"Trad, Alpine",,2800,2500
"Sidewinder (Southwest Corner)",5.9,https://www.mountainproject.com/route/121381412/sidewinder-southwest-corner,5,"Washington > Northwest Region > Hwy 20 and North Cascades National Park > North Cascades > Washington Pass > Liberty Bell Group > Liberty Bell",2.0,-1,"Trad, Alpine",,500,2400
"Clean Break",5.10b/c,https://www.mountainproject.com/route/109232141/clean-break,15,"Washington > Northwest Region > Hwy 20 and North Cascades National Park > North Cascades > Washington Pass > Silver Star and Wine Spires > Juno Tower",3.5,-1,"Trad, Alpine",,1500,3100
"The Hitchhiker",5.11-,https://www.mountainproject.com/route/108294579/the-hitchhiker,9,"Washington > Northwest Region > Hwy 20 and North Cascades National Park > North Cascades > Washington Pass > Liberty Bell Group > South Early Winters Spire",3.7,-1,"Trad, Alpine",,900,4700
"The West Face",5.11-,https://www.mountainproject.com/route/105847147/the-west-face,6,"Washington > Northwest Region > Hwy 20 and North Cascades National Park > North Cascades > Washington Pass > Liberty Bell Group > North Early Winter Spire",3.8,-1,"Trad, Alpine",,500,4700
"Boving Roofs",5.10b,https://www.mountainproject.com/route/110616122/boving-roofs,3,"Washington > Northwest Region > Hwy 20 and North Cascades National Park > North Cascades > Washington Pass > Liberty Bell Group > South Early Winters Spire",3.4,-1,"Trad, Alpine",,220,2900
"East Face / Rebel Yell",5.10,https://www.mountainproject.com/route/106256230/east-face-rebel-yell,6,"Washington > Northwest Region > Hwy 20 and North Cascades National Park > North Cascades > Washington Pass > Silver Star and Wine Spires > Chianti Spire",3.8,-1,"Trad, Alpine",,800,3000
"One Piece at a Time",5.10d,https://www.mountainproject.com/route/120102674/one-piece-at-a-time,6,"Washington > Northwest Region > Hwy 20 and North Cascades National Park > North Cascades > Washington Pass > Cutthroat Lake Crags > Cutthroat Wall",3.0,-1,"Trad, Alpine",,700,3500
"900 Oil-stricken Waterfowl Taken to Ocean Shores",5.11a,https://www.mountainproject.com/route/107298903/900-oil-stricken-waterfowl-taken-to-ocean-shores,1,"Washington > Central-West Cascades & Seattle > Skykomish Valley > Index > Lookout Point Area > Private Idaho",3.1,4,Trad,5.11b,80,4600
"Climax Control",5.11b,https://www.mountainproject.com/route/105805759/climax-control,1,"Washington > Central-West Cascades & Seattle > Skykomish Valley > Index > The Country Area > (c) The Country",3.5,-1,Sport,,70,4900
"Heart of the Country",5.11b,https://www.mountainproject.com/route/106150810/heart-of-the-country,3,"Washington > Central-West Cascades & Seattle > Skykomish Valley > Index > The Country Area > (c) The Country",3.6,-1,Trad,,,4900
"The Engineer",V7+,https://www.mountainproject.com/route/112812299/the-engineer,1,"Washington > Central-West Cascades & Seattle > Skykomish Valley > Index > ** Bouldering at Index > Zelda Boulders > Engineer",3.9,-1,Boulder,,20,20710
"City Park (P2)",5.10b,https://www.mountainproject.com/route/119626742/city-park-p2,1,"Washington > Central-West Cascades & Seattle > Skykomish Valley > Index > Lower Town Wall > Dwarf Tossing to Narrow Arrow",2.9,-1,Trad,,80,2900
Godzilla,5.9,https://www.mountainproject.com/route/105790717/godzilla,1,"Washington > Central-West Cascades & Seattle > Skykomish Valley > Index > Lower Town Wall > Dwarf Tossing to Narrow Arrow",3.8,-1,Trad,,105,2400
Tatoosh,5.10b,https://www.mountainproject.com/route/106171292/tatoosh,1,"Washington > Central-West Cascades & Seattle > Skykomish Valley > Index > Lower Town Wall > Narrow Arrow and further right",3.5,-1,Trad,,110,2900
"Thin Fingers",5.11a,https://www.mountainproject.com/route/105805741/thin-fingers,1,"Washington > Central-West Cascades & Seattle > Skykomish Valley > Index > Lower Town Wall > Narrow Arrow and further right",3.8,-1,Trad,,120,4600
"Slow Children",5.10d,https://www.mountainproject.com/route/105815743/slow-children,1,"Washington > Central-West Cascades & Seattle > Skykomish Valley > Index > Lower Town Wall > Dwarf Tossing to Narrow Arrow",3.9,-1,Trad,,100,3500
"Park Ranger",5.9+,https://www.mountainproject.com/route/111771803/park-ranger,4,"Washington > Central-West Cascades & Seattle > Skykomish Valley > Index > Lower Town Wall > Dwarf Tossing to Narrow Arrow",2.4,-1,Trad,,400,2500
"Cocaine Crack",5.10a,https://www.mountainproject.com/route/106589180/cocaine-crack,1,"Washington > Central-East Cascades, Wenatchee, & Leavenworth > Leavenworth > Icicle Creek > Icicle Buttress and Bob's Wall > Icicle Buttress",3.1,-1,Trad,,50,2600
"Heaven's Gate",5.11a,https://www.mountainproject.com/route/105816053/heavens-gate,4,"Washington > Central-West Cascades & Seattle > Skykomish Valley > Index > Upper Town Wall > (d) Dana's Arch Area",3.7,-1,"Trad, Sport",,,4600
"Liberty Traverse",5.9,https://www.mountainproject.com/route/115148381/liberty-traverse,26,"Washington > Northwest Region > Hwy 20 and North Cascades National Park > North Cascades > Washington Pass > Liberty Bell Group > Liberty Bell",3.7,-1,"Trad, Alpine",,2000,2400
"Northwest Corner (a.k.a. Boving-Pollack Route)",5.9+,https://www.mountainproject.com/route/105792199/northwest-corner-aka-boving-pollack-route,4,"Washington > Northwest Region > Hwy 20 and North Cascades National Park > North Cascades > Washington Pass > Liberty Bell Group > North Early Winter Spire",3.5,-1,"Trad, Alpine",,500,2500
"Diamond Engagement",V6,https://www.mountainproject.com/route/117251280/diamond-engagement,1,"Washington > Central-West Cascades & Seattle > Skykomish Valley > Miller River Boulders > Morpheus Boulders > 420 Zone > Diamond Engagement Boulder",3.8,-1,Boulder,,17,20600
"Vanishing Point","5.12b R",https://www.mountainproject.com/route/119221029/vanishing-point,20,"Washington > Central-West Cascades & Seattle > Skykomish Valley > Mount Baring > Dolomite Tower",4.0,-1,"Trad, Alpine",,1400,6900
"Cold Fever",5.10-,https://www.mountainproject.com/route/118716565/cold-fever,4,"Arizona > Central Arizona > **Phoenix Areas > Superstition Mountains > The Motherlode",3.3,-1,Trad,,400,2700
Hairline,"5.10d C2+",https://www.mountainproject.com/route/113531340/hairline,12,"California > High Sierra > 14 - Whitney & Surrounding Peaks > Mount Whitney",4.0,-1,"Trad, Aid, Alpine",,2000,3500
"Book of Condolences",5.12b,https://www.mountainproject.com/route/108235775/book-of-condolences,1,"Utah > Wasatch Range > Southern Wasatch > American Fork Canyon > The Red Corners > Book of Condolences",3.6,-1,Sport,,65,6900
"That Hi-Pro Glow",V6,https://www.mountainproject.com/route/107405674/that-hi-pro-glow,1,"Texas > Hueco Tanks > East Spur > Stableboy Rock and Vicinity",3.6,-1,Boulder,,12,20600
Mentor,5.12a,https://www.mountainproject.com/route/121534628/mentor,1,"Utah > Southeast Utah > Indian Creek > Fringe Walls",3.0,-1,Sport,,70,6600
"Half Shark-Alligator, Half Man",5.13-,https://www.mountainproject.com/route/107368248/half-shark-alligator-half-man,1,"Utah > Southeast Utah > Indian Creek > Donnelly Canyon",3.9,-1,Trad,,80,8700
"Nose Shadow",5.12c,https://www.mountainproject.com/route/108069173/nose-shadow,4,"Utah > West Desert > The Confusion Range > Ibex > Shadow Buttress",4.0,-1,Sport,,300,7200
"Sign Language",5.11-,https://www.mountainproject.com/route/105734828/sign-language,1,"California > San Francisco Bay Area > Marin/Northwest Bay Area > Mickey's Beach > The Egg",3.4,-1,Sport,,70,4700
Browncoat,5.10b,https://www.mountainproject.com/route/108326379/browncoat,1,"Utah > Wasatch Range > Southern Wasatch > American Fork Canyon > Serenity > Eavesdown Docks",2.8,-1,Sport,,40,2900
"Angering The Angered",5.9+,https://www.mountainproject.com/route/106252895/angering-the-angered,7,"Utah > Wasatch Range > Central Wasatch > Little Cottonwood Canyon > Coalpit Buttress",2.4,-1,Trad,,750,2500
"Direct Southwest Face",5.9,https://www.mountainproject.com/route/107950213/direct-southwest-face,7,"Wyoming > Wind River Range > Cirque of the Towers > Shark's Nose",3.1,-1,"Trad, Alpine",,1100,2400
"North Face Center (Ecclesiastes)",5.9,https://www.mountainproject.com/route/105856203/north-face-center-ecclesiastes,9,"Wyoming > Wind River Range > Cirque of the Towers > Mitchell Peak",3.3,-1,"Trad, Alpine",,1000,2400
"1000' of Fun",5.6,https://www.mountainproject.com/route/105718108/1000-of-fun,5,"Utah > South Central Utah > San Rafael Swell > San Rafael Swell - South > Eastern Reef Area.. AKA The Sandstone Alps > O Crags (Three Finger Canyon)",2.8,-1,Trad,,1000,1600
"The Great North Ridge",5.6,https://www.mountainproject.com/route/106176729/the-great-north-ridge,9,"Utah > South Central Utah > San Rafael Swell > San Rafael Swell - South > Eastern Reef Area.. AKA The Sandstone Alps > B Crags (Spotted Wolf Canyon)",2.9,-1,Trad,,2000,1600
"Endless Journey 5.9-","5.8 PG13",https://www.mountainproject.com/route/106127519/endless-journey-59,10,"Utah > South Central Utah > San Rafael Swell > San Rafael Swell - South > Eastern Reef Area.. AKA The Sandstone Alps > E Crags (DBC Canyon)",3.5,-1,Trad,,1610,2100
Fuego,5.12a,https://www.mountainproject.com/route/105742133/fuego,1,"Utah > Wasatch Range > Central Wasatch > Ferguson Canyon > Tower Of Babel",3.8,-1,Sport,,,6600
"Get a Pump or Jump",5.11d,https://www.mountainproject.com/route/106014085/get-a-pump-or-jump,1,"Utah > Wasatch Range > Central Wasatch > Ferguson Canyon > Tower Of Babel",3.6,-1,Trad,,60,5500
"Mad Dog",5.11c,https://www.mountainproject.com/route/105717688/mad-dog,1,"Utah > Southeast Utah > Indian Creek > Cat Wall",3.1,-1,Trad,,80,5200
"King Cat",5.11+,https://www.mountainproject.com/route/105717499/king-cat,1,"Utah > Southeast Utah > Indian Creek > Cat Wall",3.9,-1,Trad,,,5300
"Choke Chain",5.12,https://www.mountainproject.com/route/113840821/choke-chain,1,"Utah > Southeast Utah > Indian Creek > Cat Wall",3.0,-1,Trad,,60,7000
"Dead Crow","5.11+ PG13",https://www.mountainproject.com/route/105888741/dead-crow,1,"Utah > Southeast Utah > Indian Creek > Cat Wall",3.7,-1,Trad,,150,5300
"Wild Cat",5.12-,https://www.mountainproject.com/route/105883363/wild-cat,1,"Utah > Southeast Utah > Indian Creek > Cat Wall",3.7,-1,Trad,,80,6700
"Deseret Moon",5.11,https://www.mountainproject.com/route/105718189/deseret-moon,1,"Utah > Southeast Utah > Indian Creek > Cat Wall",3.7,-1,Trad,,125,5000
"Steorts' Ridge",5.6,https://www.mountainproject.com/route/105740006/steorts-ridge,3,"Utah > Wasatch Range > Central Wasatch > Big Cottonwood Canyon > The Dead Snag",3.5,-1,Trad,,250,1600
"Standard Ridge",5.6,https://www.mountainproject.com/route/105741497/standard-ridge,9,"Utah > Wasatch Range > Central Wasatch > Big Cottonwood Canyon > Standard Ridge",2.4,-1,Trad,,1000,1600
"Reservoir Ridge",5.4,https://www.mountainproject.com/route/105740324/reservoir-ridge,3,"Utah > Wasatch Range > Central Wasatch > Big Cottonwood Canyon > Storm Mountain Picnic Area > Reservoir Ridge",2.0,-1,Trad,,180,1400
"Kamp's Ridge",5.6,https://www.mountainproject.com/route/108182481/kamps-ridge,8,"Utah > Wasatch Range > Central Wasatch > Mount Olympus > North Summit",3.3,-1,Trad,,,1600
"North Ridge","5.5 PG13",https://www.mountainproject.com/route/106477087/north-ridge,3,"Utah > Wasatch Range > Central Wasatch > Big Cottonwood Canyon > Talk Buttress",1.2,-1,Trad,,550,1500
"Thunderbolt Ridge",5.4,https://www.mountainproject.com/route/106198245/thunderbolt-ridge,3,"Utah > Wasatch Range > Central Wasatch > Little Cottonwood Canyon > Hogum Fork",3.1,-1,"Trad, Alpine",,800,1400
"Tabula Rasa",5.10d,https://www.mountainproject.com/route/105756052/tabula-rasa,1,"Colorado > Estes Park Valley > Big Thompson Canyon > The Monastery > The Vestibule",3.6,-1,Sport,,,3500
"Saturday's Folly",5.8+,https://www.mountainproject.com/route/105751153/saturdays-folly,1,"Colorado > Boulder > Flatirons > North > Third Flatiron",3.0,-1,Trad,,72,2200
"Cameron's Corner",5.11b,https://www.mountainproject.com/route/105755482/camerons-corner,1,"Colorado > Boulder > Eldorado Canyon State Park > Diamond Head",3.0,-1,Trad,,,4900
"Lightning Bolt Crack",5.8+,https://www.mountainproject.com/route/105759312/lightning-bolt-crack,1,"Colorado > Boulder > Eldorado Canyon State Park > The West Ridge > West Ridge - part C - Pony Express to Long John",2.6,-1,Trad,,70,2200
"Sunset Boulevard",5.11b,https://www.mountainproject.com/route/105756595/sunset-boulevard,1,"Colorado > Boulder > Eldorado Canyon State Park > The Bastille > The Bastille - W Face",3.4,-1,Sport,,,4900
"Terminal Velocity",5.11b/c,https://www.mountainproject.com/route/105758092/terminal-velocity,1,"Colorado > Boulder > Eldorado Canyon State Park > The West Ridge > West Ridge - part D - Xanadu to Pony Express",3.1,-1,Trad,,80,5100
"Hand Crack (aka White Lightning)",5.10a,https://www.mountainproject.com/route/105752560/hand-crack-aka-white-lightning,1,"Colorado > Boulder > Eldorado Canyon State Park > The West Ridge > West Ridge - part D - Xanadu to Pony Express",3.4,-1,Trad,,80,2600
"West Buttress",5.10a,https://www.mountainproject.com/route/105748999/west-buttress,3,"Colorado > Boulder > Eldorado Canyon State Park > The Bastille > The Bastille - W Face",3.3,-1,Trad,,,2600
"The Yellow Spur",5.9+,https://www.mountainproject.com/route/105748657/the-yellow-spur,6,"Colorado > Boulder > Eldorado Canyon State Park > Redgarden Wall > Redgarden - Tower One",3.7,-1,Trad,,,2500
"Beethoven's Fifth","5.12d PG13",https://www.mountainproject.com/route/106213667/beethovens-fifth,1,"Colorado > Boulder > Boulder Canyon > Bell Buttress Massif > Bell Buttress - Main Crag",3.9,-1,Trad,,80,7500
Cosmosis,5.10a,https://www.mountainproject.com/route/105750457/cosmosis,2,"Colorado > Boulder > Boulder Canyon > Bell Buttress Massif > Bell Buttress - Main Crag",3.6,-1,Trad,,,2600
"Poseidon Adventure","5.11d PG13",https://www.mountainproject.com/route/105872011/poseidon-adventure,2,"Minnesota > North Shore Rock > Tettegouche SP (North Shore) > Palisade Head",3.9,-1,Trad,,80,5500
"Don't bring a knife to a gun fight a.k.a. ""Gun Fight""",5.11b,https://www.mountainproject.com/route/106019926/dont-bring-a-knife-to-a-gun-fight-aka-gun-fight,1,"Minnesota > North Shore Rock > Tettegouche SP (North Shore) > Palisade Head",3.7,-1,Trad,,105,4900
"Urge to Mate",5.10b,https://www.mountainproject.com/route/105920472/urge-to-mate,1,"Minnesota > North Shore Rock > Tettegouche SP (North Shore) > Palisade Head",3.6,-1,"Trad, TR",,45,2900
"Phantom Crack",5.9,https://www.mountainproject.com/route/105826890/phantom-crack,1,"Minnesota > North Shore Rock > Tettegouche SP (North Shore) > Palisade Head",2.9,-1,"Trad, TR",,85,2400
"Hidden Treasure",5.11b,https://www.mountainproject.com/route/105827817/hidden-treasure,1,"Minnesota > North Shore Rock > Tettegouche SP (North Shore) > Palisade Head",3.5,-1,"Trad, TR",,90,4900
"Sunny and Sheer","5.12a R",https://www.mountainproject.com/route/107010413/sunny-and-sheer,1,"Minnesota > North Shore Rock > Tettegouche SP (North Shore) > Palisade Head",3.5,-1,"Trad, TR",,100,6600
"Jim's Crack","5.10- PG13",https://www.mountainproject.com/route/105854803/jims-crack,1,"Minnesota > North Shore Rock > Tettegouche SP (North Shore) > Palisade Head",2.7,-1,Trad,,100,2700
"Swizzlestick Legs",5.11c,https://www.mountainproject.com/route/107239929/swizzlestick-legs,1,"Minnesota > North Shore Rock > Tettegouche SP (North Shore) > Palisade Head",2.7,-1,"Trad, Sport",,100,5200
"Iron Maiden",5.10c,https://www.mountainproject.com/route/106464453/iron-maiden,1,"Minnesota > North Shore Rock > Tettegouche SP (North Shore) > Palisade Head",3.1,-1,"Trad, TR",,80,3200
"Night Vision",5.11c,https://www.mountainproject.com/route/108370099/night-vision,1,"Minnesota > North Shore Rock > Tettegouche SP (North Shore) > Palisade Head",2.6,-1,Trad,,50,5200
"The Fool's Progress",5.12b,https://www.mountainproject.com/route/107244923/the-fools-progress,1,"Minnesota > North Shore Rock > Tettegouche SP (North Shore) > Palisade Head",2.6,-1,Sport,,100,6900
Ecclesiastes,"5.12 PG13",https://www.mountainproject.com/route/105854776/ecclesiastes,1,"Minnesota > North Shore Rock > Tettegouche SP (North Shore) > Palisade Head",3.0,-1,Trad,,80,7000
"Superior Arete","5.12b/c R",https://www.mountainproject.com/route/105849326/superior-arete,1,"Minnesota > North Shore Rock > Tettegouche SP (North Shore) > Palisade Head",3.9,-1,"Trad, TR",,95,7100
"Oz - (AKA The Road To Emerald City)",5.12b,https://www.mountainproject.com/route/106021178/oz-aka-the-road-to-emerald-city,1,"Minnesota > North Shore Rock > Tettegouche SP (North Shore) > Palisade Head",3.9,-1,Trad,,175,6900
Echoes,5.11c,https://www.mountainproject.com/route/105854790/echoes,1,"Minnesota > North Shore Rock > Tettegouche SP (North Shore) > Palisade Head",2.8,-1,Sport,,60,5200
"A Sinner’s Last Gift","5.11d PG13",https://www.mountainproject.com/route/105854770/a-sinners-last-gift,1,"Minnesota > North Shore Rock > Tettegouche SP (North Shore) > Palisade Head",3.2,-1,Trad,,80,5500
"Yellow Feather",5.11c,https://www.mountainproject.com/route/105854196/yellow-feather,1,"Minnesota > North Shore Rock > Tettegouche SP (North Shore) > Palisade Head",3.1,-1,Trad,,75,5200
"Mr. Lean",5.11d,https://www.mountainproject.com/route/105920475/mr-lean,1,"Minnesota > North Shore Rock > Tettegouche SP (North Shore) > Palisade Head",3.6,-1,"Trad, TR",,110,5500
"Soli Deo Gloria",5.12a,https://www.mountainproject.com/route/106021263/soli-deo-gloria,1,"Minnesota > North Shore Rock > Tettegouche SP (North Shore) > Palisade Head",3.7,-1,"Trad, TR",,85,6600
"Built to Tilt",5.10a/b,https://www.mountainproject.com/route/106174053/built-to-tilt,3,"North Carolina > 2. Northern Mountains Region > Linville Gorge > Shortoff Mountain",3.7,-1,Trad,,300,2800
"Heart of Darkness",5.11a,https://www.mountainproject.com/route/105725659/heart-of-darkness,1,"California > Joshua Tree National Park > Central Joshua Tree > Sheep Pass Area > Oyster Bar Area > Conrad Rock > Conrad Rock - Heart of Darkness Corridor",3.7,-1,Trad,,40,4600
"O'Kelley's Crack",5.11a,https://www.mountainproject.com/route/105722353/okelleys-crack,1,"California > Joshua Tree National Park > Central Joshua Tree > Echo Rock Area > Rusty Wall",3.7,-1,Trad,,60,4600
"Ace of Hearts","5.10d PG13",https://www.mountainproject.com/route/105889858/ace-of-hearts,1,"Nevada > Southern Nevada > Red Rocks > Calico Basin > Red Spring > Moderate Mecca > Upper Tier",2.8,-1,"Trad, TR",,60,3500
"Cut Loose",5.10d,https://www.mountainproject.com/route/105813481/cut-loose,1,"Nevada > Southern Nevada > Red Rocks > Sandstone Quarry > Calico Hills Trail > Stratocaster Area",3.1,-1,Trad,,50,3500
"The Big Horn",5.8+,https://www.mountainproject.com/route/105819223/the-big-horn,6,"Nevada > Southern Nevada > Red Rocks > Pine Creek Canyon > Brass Wall",3.0,-1,Trad,,,2200
Stratocaster,5.11d,https://www.mountainproject.com/route/106500890/stratocaster,1,"Nevada > Southern Nevada > Red Rocks > Sandstone Quarry > Calico Hills Trail > Stratocaster Area",3.9,-1,Sport,,125,5500
"Orange Clonus",5.11a,https://www.mountainproject.com/route/106095101/orange-clonus,4,"Nevada > Southern Nevada > Red Rocks > Pine Creek Canyon > Straight Shooter Wall",2.7,-1,Trad,,600,4600
"The Maw",5.10+,https://www.mountainproject.com/route/114111481/the-maw,4,"Nevada > Southern Nevada > Red Rocks > First Creek Canyon > Bearclaw Spire",3.7,-1,Trad,,,3300
"Pro Choice",5.11a,https://www.mountainproject.com/route/106056559/pro-choice,4,"Nevada > Southern Nevada > Red Rocks > Juniper Canyon > Brownstone Wall",2.7,-1,Trad,,500,4600
Enterprise,"5.11a R",https://www.mountainproject.com/route/106730137/enterprise,4,"Nevada > Southern Nevada > Red Rocks > Pine Creek Canyon > Challenger Wall",3.2,-1,Trad,,360,4600
"Jupiter II",5.11+,https://www.mountainproject.com/route/106741273/jupiter-ii,5,"Nevada > Southern Nevada > Red Rocks > Pine Creek Canyon > Challenger Wall",3.5,-1,Trad,,500,5300
"The Warrior",5.11a,https://www.mountainproject.com/route/106121416/the-warrior,7,"Nevada > Southern Nevada > Red Rocks > Oak Creek Canyon > Cactus Flower Tower > Cactus Flower Tower Summit",3.7,-1,Trad,,1000,4600
Capricorner,5.12b,https://www.mountainproject.com/route/116113670/capricorner,1,"Nevada > Southern Nevada > Sun City > Cave Sector",3.7,-1,Sport,,100,6900
"Wrath of Sores",5.12c,https://www.mountainproject.com/route/116561977/wrath-of-sores,1,"Nevada > Southern Nevada > Sun City > Digimon Sector",2.4,-1,Sport,,80,7200
"East West Connection",5.12a/b,https://www.mountainproject.com/route/116561938/east-west-connection,1,"Nevada > Southern Nevada > Sun City > Digimon Sector",3.1,-1,Sport,,50,6800
"Winter Heat",5.11b,https://www.mountainproject.com/route/105934922/winter-heat,1,"Nevada > Southern Nevada > Red Rocks > Calico Basin > Kraft Mountain Area > Winter Heat Wall",3.8,-1,Trad,,100,4900
"Sailor Jerry","5.10b/c PG13",https://www.mountainproject.com/route/108292588/sailor-jerry,5,"International > North America > Canada > British Columbia > Kootenays > West Kootenay > West Kootenay > Slocan Valley > Valhalla Mountains > Mount Gimli",2.7,-1,"Trad, Alpine",,500,3100
"Mercy, the Huff",5.12b,https://www.mountainproject.com/route/106045269/mercy-the-huff,1,"Kentucky > Red River Gorge > Northern Gorge > Left Flank",3.9,-1,Sport,,80,6900
"The Learning Curve",5.12a,https://www.mountainproject.com/route/107621628/the-learning-curve,1,"Kentucky > Red River Gorge > Northern Gorge > Eastern Sky Bridge Ridge",3.4,-1,Trad,,35,6600
"Jim's Dihedral",5.10a,https://www.mountainproject.com/route/106962264/jims-dihedral,1,"Kentucky > Red River Gorge > Northern Gorge > Indian Creek",3.9,-1,Trad,,110,2600
"Cell Block Six",5.12c,https://www.mountainproject.com/route/106586323/cell-block-six,1,"Kentucky > Red River Gorge > Muir Valley > Midnight Surf",3.9,-1,Sport,,80,7200
"The Odyssey",5.11-,https://www.mountainproject.com/route/106520422/the-odyssey,5,"North Carolina > 1. Southern Mountains Region > Looking Glass Rock > Sun Wall",4.0,-1,Trad,,400,4700
"Do It For Doug",5.10c,https://www.mountainproject.com/route/106236476/do-it-for-doug,4,"Wyoming > Jackson Hole > Rock Springs Buttress > (b) Central Sector",3.7,-1,"Sport, Alpine",,300,3200
"Gray Wall",5.11c,https://www.mountainproject.com/route/109459409/gray-wall,7,"Wyoming > Jackson Hole > Rock Springs Buttress > (b) Central Sector",3.3,-1,"Trad, Alpine",,400,5200
"Exum Arete",5.10a,https://www.mountainproject.com/route/105834006/exum-arete,4,"Wyoming > Jackson Hole > Rock Springs Buttress > (b) Central Sector",3.5,-1,"Trad, Sport, Alpine",,400,2600
"Dihedral of Horrors",5.9,https://www.mountainproject.com/route/105813333/dihedral-of-horrors,4,"Wyoming > Grand Teton National Park > Death Canyon > Omega  Buttress",3.5,-1,"Trad, Alpine",,400,2400
"The Snaz",5.10a,https://www.mountainproject.com/route/105802924/the-snaz,9,"Wyoming > Grand Teton National Park > Death Canyon > Cathedral Buttress",3.6,-1,"Trad, Alpine",,,2600
"Decadent Wall | 7459",5.10c,https://www.mountainproject.com/route/105847459/decadent-wall-7459,1,"Idaho > South Idaho > City of Rocks > Breadloaves > Decadent Wall",2.8,-1,Trad,,100,3200
"SE Face",5.7,https://www.mountainproject.com/route/110776977/se-face,6,"Idaho > Central Idaho > The Sawtooth Range > Warbonnet Peak",3.8,-1,"Trad, Alpine",,700,1800
"Astro Elephant",5.10c,https://www.mountainproject.com/route/105996567/astro-elephant,10,"Idaho > Central Idaho > The Sawtooth Range > The Elephant's Perch",3.3,-1,"Trad, Alpine",,,3200
"Bino's Book",5.9,https://www.mountainproject.com/route/107976205/binos-book,5,"Idaho > Central Idaho > The Sawtooth Range > Finger of Fate",3.5,-1,"Trad, Alpine",,800,2400
"Mountaineer's Route",5.9-,https://www.mountainproject.com/route/105996469/mountaineers-route,7,"Idaho > Central Idaho > The Sawtooth Range > The Elephant's Perch",3.5,-1,"Trad, Alpine",,,2300
"Dupree's Diamond Blues",5.10a,https://www.mountainproject.com/route/106791296/duprees-diamond-blues,1,"Idaho > South Idaho > City of Rocks > Rabbit Rock > Rabbit Rock - Northeast",2.2,-1,Trad,,35,2600
"Sudden Pleasure",5.11b,https://www.mountainproject.com/route/105742085/sudden-pleasure,1,"Idaho > South Idaho > City of Rocks > Rabbit Rock > Rabbit Rock - Southwest",3.5,-1,Sport,,70,4900
Redtail,5.11a,https://www.mountainproject.com/route/105742076/redtail,1,"Idaho > South Idaho > City of Rocks > Rabbit Rock > Rabbit Rock - Southwest",3.6,-1,Sport,,150,4600
Interceptor,5.11a,https://www.mountainproject.com/route/106002801/interceptor,1,"Idaho > South Idaho > City of Rocks > Breadloaves > Upper Broadloaves - North",3.6,-1,Trad,,80,4600
Impotence,5.10d,https://www.mountainproject.com/route/108118883/impotence,1,"Idaho > South Idaho > City of Rocks > Breadloaves > Decadent Wall",2.9,-1,"Trad, Sport",,80,3500
Nipples...,"5.10a PG13",https://www.mountainproject.com/route/105847449/nipples,1,"Idaho > South Idaho > City of Rocks > Breadloaves > Decadent Wall",2.4,-1,Sport,,50,2600
"Bloody Fingers",5.10a,https://www.mountainproject.com/route/105741026/bloody-fingers,1,"Idaho > South Idaho > City of Rocks > Breadloaves > Super Hits - Bloody Fingers",3.7,-1,Trad,,100,2600
"Double Vision","5.10a R",https://www.mountainproject.com/route/105741095/double-vision,1,"Idaho > South Idaho > City of Rocks > Breadloaves > Super Hits - Bloody Fingers",2.8,-1,"Trad, Sport",,80,2600
"Humbles Tumble (aka Dead Bird Crack)","5.9 PG13",https://www.mountainproject.com/route/105967547/humbles-tumble-aka-dead-bird-crack,1,"Idaho > South Idaho > City of Rocks > Breadloaves > Lower Breadloaves - Provo Wall",3.0,-1,Trad,,100,2400
"Funky Bolt","5.9 R",https://www.mountainproject.com/route/105740957/funky-bolt,1,"Idaho > South Idaho > City of Rocks > Parking Lot Rock > Parking Lot Rock - East",3.0,-1,Trad,,160,2400
Batwings,5.8+,https://www.mountainproject.com/route/105740951/batwings,1,"Idaho > South Idaho > City of Rocks > Parking Lot Rock > Parking Lot Rock - West",3.6,-1,Trad,,180,2200
"Bombs Over Tripoli",5.12a/b,https://www.mountainproject.com/route/106088728/bombs-over-tripoli,1,"Idaho > South Idaho > City of Rocks > Parking Lot Rock > Parking Lot Rock - Northeast",3.8,-1,Sport,,90,6800
Cairo,5.11a,https://www.mountainproject.com/route/105740960/cairo,1,"Idaho > South Idaho > City of Rocks > Parking Lot Rock > Parking Lot Rock - Northeast",3.2,-1,Sport,,80,4600
"Stress Fracture","5.10 PG13",https://www.mountainproject.com/route/106254635/stress-fracture,1,"Idaho > South Idaho > City of Rocks > Parking Lot Rock > Parking Lot Rock - East",2.6,-1,Trad,,120,3000
"Thin Slice",5.10a,https://www.mountainproject.com/route/105741581/thin-slice,1,"Idaho > South Idaho > City of Rocks > Parking Lot Rock > Parking Lot Rock - Northeast",3.7,-1,Trad,,100,2600
"The Ramp",5.8,https://www.mountainproject.com/route/106213727/the-ramp,5,"Montana > South Central Region > Beartooth Mountains > East Rosebud > East Rosebud Towers > Rosina's Tower",3.3,-1,"Trad, Alpine",,750,2100
"Montana Centennial Route",5.11-,https://www.mountainproject.com/route/106881785/montana-centennial-route,12,"Montana > Southwest Region > Bozeman Area > Paradise Valley > Cowen Massif",3.9,-1,"Trad, Alpine",,1600,4700
"Brown Flake",5.10d,https://www.mountainproject.com/route/105741587/brown-flake,1,"Idaho > South Idaho > City of Rocks > Morning Glory Spire",3.5,-1,Trad,,90,3500
"The Drilling Fields",5.11a,https://www.mountainproject.com/route/105846013/the-drilling-fields,1,"Idaho > South Idaho > City of Rocks > Drilling Fields > The Drilling Fields",3.6,-1,Sport,,100,4600
"Adventure Punks",5.10d,https://www.mountainproject.com/route/106252692/adventure-punks,5,"Nevada > Southern Nevada > Red Rocks > Pine Creek Canyon > Challenger Wall",3.6,-1,Trad,,550,3500
"Tunnel Vision",5.10d,https://www.mountainproject.com/route/107818883/tunnel-vision,1,"Washington > Central-West Cascades & Seattle > Skykomish Valley > Index > The Country Area > (c) The Country",2.7,-1,Sport,,40,3500
"Brass Balls",5.10b,https://www.mountainproject.com/route/106745506/brass-balls,2,"Washington > Central-East Cascades, Wenatchee, & Leavenworth > Leavenworth > Tumwater Canyon > Castle Rock > Lower Castle",3.7,-1,Trad,,,2900
"The Nose, of Jello Tower",5.11a,https://www.mountainproject.com/route/105809771/the-nose-of-jello-tower,1,"Washington > Central-East Cascades, Wenatchee, & Leavenworth > Leavenworth > Tumwater Canyon > Castle Rock > Upper Castle",3.2,-1,Trad,,75,4600
Angel,5.10b,https://www.mountainproject.com/route/105852476/angel,3,"Washington > Central-East Cascades, Wenatchee, & Leavenworth > Leavenworth > Tumwater Canyon > Castle Rock > Upper Castle",2.7,-1,Trad,,300,2900
Crossfire,5.12a,https://www.mountainproject.com/route/105900161/crossfire,1,"California > High Desert > Barstow Area > New Jack City > Box Canyon East > Crossfire Crag",3.6,-1,Sport,,80,6600
Catalyst,5.12b,https://www.mountainproject.com/route/105811342/catalyst,1,"Oregon > Central Oregon > Smith Rock > (z) Lower Gorge > West Side > (3) Catwalk Cliff",3.9,-1,Sport,,80,6900
"White Trash",5.12a,https://www.mountainproject.com/route/105812540/white-trash,1,"Oregon > Central Oregon > Smith Rock > (z) Lower Gorge > West Side > (2) Wildfire Wall",3.9,-1,Sport,,80,6600
"Pure Palm",5.11a,https://www.mountainproject.com/route/105803570/pure-palm,1,"Oregon > Central Oregon > Smith Rock > (z) Lower Gorge > West Side > (2) Wildfire Wall",3.8,-1,Sport,,80,4600
"Much Ado About Nothing",5.10d,https://www.mountainproject.com/route/105812684/much-ado-about-nothing,1,"Oregon > Central Oregon > Smith Rock > (z) Lower Gorge > East Side > (5) Shakespeare Cliff",3.4,-1,Trad,,100,3500
"Last Chance",5.10c,https://www.mountainproject.com/route/105809722/last-chance,1,"Oregon > Central Oregon > Smith Rock > (z) Lower Gorge > West Side > (3) Catwalk Cliff",3.9,-1,Trad,,90,3200
"Blood Clot",5.10b,https://www.mountainproject.com/route/105809717/blood-clot,1,"Oregon > Central Oregon > Smith Rock > (z) Lower Gorge > West Side > (3) Catwalk Cliff",3.5,-1,Trad,,90,2900
"Bad Finger",5.10b,https://www.mountainproject.com/route/105804599/bad-finger,1,"Oregon > Central Oregon > Smith Rock > (z) Lower Gorge > West Side > (2) Wildfire Wall",3.8,-1,Trad,,,2900
Wildfire,5.10b,https://www.mountainproject.com/route/105810334/wildfire,1,"Oregon > Central Oregon > Smith Rock > (z) Lower Gorge > West Side > (2) Wildfire Wall",3.4,-1,Trad,,80,2900
"Cruel Sister",5.10a,https://www.mountainproject.com/route/105791785/cruel-sister,1,"Oregon > Central Oregon > Smith Rock > (z) Lower Gorge > West Side > (3) Catwalk Cliff",3.7,-1,Trad,,80,2600
Manana,5.10d,https://www.mountainproject.com/route/106615858/manana,1,"California > Yosemite National Park > Yosemite Valley > Valley South Side > N. Sentinel Creek Area",3.8,-1,Trad,,120,3500
"Catchy Corner",5.11a,https://www.mountainproject.com/route/105991865/catchy-corner,1,"California > Yosemite National Park > Yosemite Valley > Lower Merced River Canyon > Aj. Cookie Area > The Cookie Cliff",3.9,-1,Trad,,115,4600
Commitment,5.9,https://www.mountainproject.com/route/105867013/commitment,3,"California > Yosemite National Park > Yosemite Valley > Valley North Side > E. Yosemite Falls Area > Five Open Books > First Tier",3.5,-1,Trad,,320,2400
Butterballs,5.11c,https://www.mountainproject.com/route/105936538/butterballs,1,"California > Yosemite National Park > Yosemite Valley > Lower Merced River Canyon > Aj. Cookie Area > The Cookie Cliff",3.9,-1,Trad,,80,5200
Freeblast,5.11,https://www.mountainproject.com/route/105991737/freeblast,10,"California > Yosemite National Park > Yosemite Valley > Valley North Side > B. El Capitan > 2. Southwest Face",3.6,-1,Trad,,950,5000
"Jo Jo",5.10,https://www.mountainproject.com/route/106748196/jo-jo,1,"California > Yosemite National Park > Yosemite Valley > Valley North Side > I. Washington Column",3.8,-1,Trad,,85,3000
"Mr. Natural",5.10+,https://www.mountainproject.com/route/105954972/mr-natural,1,"California > Yosemite National Park > Yosemite Valley > Valley South Side > I. Glacier Point Apron > 6. GPA - Right Side",3.9,-1,Trad,,160,3300
"Jah Man",5.10c,https://www.mountainproject.com/route/105717373/jah-man,6,"Utah > Southeast Utah > Castle Valley > Sister Superior Group",3.9,-1,Trad,,350,3200
"Brown Power",V4,https://www.mountainproject.com/route/106347517/brown-power,1,"Utah > Southeast Utah > River Road > Big Bend Bouldering Area > Block Top Boulder",3.6,-1,Boulder,,10,20400
"Upwardly Mobile (AKA Hueco Cranks)",V2,https://www.mountainproject.com/route/107624646/upwardly-mobile-aka-hueco-cranks,1,"Utah > Southeast Utah > River Road > Big Bend Bouldering Area > The Hueco Traverse Boulder",2.6,-1,Boulder,,10,20200
"La Derecha",V2-3,https://www.mountainproject.com/route/106148146/la-derecha,1,"Utah > Southeast Utah > River Road > Big Bend Bouldering Area > The Punisher Boulder",2.3,-1,Boulder,,10,20250
"Ragged Edges",5.8,https://www.mountainproject.com/route/105732437/ragged-edges,2,"Nevada > Southern Nevada > Red Rocks > Willow Spring > Ragged Edges Area",3.1,-1,Trad,,160,2100
"Half Pipe",5.11-,https://www.mountainproject.com/route/107120893/half-pipe,1,"Utah > Southeast Utah > Potash Road > Wall Street",3.0,-1,Trad,,65,4700
"Lucy in the Sky with Potash",5.10b,https://www.mountainproject.com/route/105717580/lucy-in-the-sky-with-potash,1,"Utah > Southeast Utah > Potash Road > Wall Street",2.9,-1,Trad,,,2900
"Baby Blue",5.11a,https://www.mountainproject.com/route/105717559/baby-blue,1,"Utah > Southeast Utah > Potash Road > Wall Street",3.4,-1,Trad,,,4600
"Potash Bong Hit",5.9+,https://www.mountainproject.com/route/106104201/potash-bong-hit,1,"Utah > Southeast Utah > Potash Road > Wall Street",3.0,-1,Trad,,70,2500
"Risky Business","5.10c R",https://www.mountainproject.com/route/105732866/risky-business,4,"Nevada > Southern Nevada > Red Rocks > Pine Creek Canyon > Mescalito > Dark Shadows Wall",3.8,-1,Trad,,400,3200
"Black Orpheus",5.9+,https://www.mountainproject.com/route/105732809/black-orpheus,8,"Nevada > Southern Nevada > Red Rocks > Oak Creek Canyon > Black Orpheus Amphitheater",3.3,-1,Trad,,1500,2500
"Flakes of Wrath Direct","5.11 R",https://www.mountainproject.com/route/106927403/flakes-of-wrath-direct,1,"Utah > Southeast Utah > Potash Road > Wall Street",3.2,-1,Trad,,,5000
"Flakes of Wrath",5.9+,https://www.mountainproject.com/route/105717511/flakes-of-wrath,1,"Utah > Southeast Utah > Potash Road > Wall Street",3.5,-1,"Trad, TR",,70,2500
"Bad Moki Roof",5.9+,https://www.mountainproject.com/route/105717592/bad-moki-roof,1,"Utah > Southeast Utah > Potash Road > Wall Street",2.7,-1,Trad,,,2500
"Mother Trucker",5.11c,https://www.mountainproject.com/route/106440671/mother-trucker,1,"Utah > Southeast Utah > Potash Road > Wall Street",3.3,-1,Trad,,50,5200
"Horizontal Mambo",5.12d,https://www.mountainproject.com/route/107304086/horizontal-mambo,1,"Utah > Southeast Utah > Potash Road > Wall Street",3.5,-1,"Trad, Sport",,80,7500
Crankbugs,5.12c,https://www.mountainproject.com/route/110159808/crankbugs,1,"Arizona > Southern Arizona > Mount Lemmon (Santa Catalina Mountains) > Mount Lemmon (Catalina Highway) > 7 - Upper Highway > Reef of Rocks > Aegir",4.0,-1,Sport,,95,7200
"The Peacemaker",5.10a,https://www.mountainproject.com/route/106080329/the-peacemaker,7,"Arizona > Southern Arizona > Cochise Stronghold > West Stronghold > Sheepshead Area (Southwest) > The Sheepshead",3.5,-1,Sport,,660,2600
"Forest Lawn",5.9+,https://www.mountainproject.com/route/105842218/forest-lawn,3,"Arizona > Southern Arizona > Cochise Stronghold > East Stronghold > Rockfellow Group > Bastion Towers",3.7,-1,Trad,,300,2500
Annunaki,5.11+,https://www.mountainproject.com/route/105718786/annunaki,1,"Utah > Southeast Utah > Indian Creek > The Optimator",3.9,-1,Trad,,50,5300
"Another Roadside Attraction","5.9+ R",https://www.mountainproject.com/route/106051239/another-roadside-attraction,1,"Arizona > Southern Arizona > Mount Lemmon (Santa Catalina Mountains) > Mount Lemmon (Catalina Highway) > 2 - Bear Canyon > Chimney Rock",1.5,-1,Trad,,,2500
"Positive Vibrations",5.11a,https://www.mountainproject.com/route/105860676/positive-vibrations,12,"California > High Sierra > 02 - The Sawtooth Ridge > Incredible Hulk",4.0,-1,"Trad, Alpine",,1200,4600
Geronimo,5.6,https://www.mountainproject.com/route/105732377/geronimo,4,"Nevada > Southern Nevada > Red Rocks > Juniper Canyon > Jackrabbit Buttress",3.0,-1,Trad,,,1600
"Jubilant Song",5.8,https://www.mountainproject.com/route/105732725/jubilant-song,8,"Nevada > Southern Nevada > Red Rocks > Windy Peak > South Face",3.1,-1,Trad,,800,2100
"Cat in the Hat",5.6,https://www.mountainproject.com/route/105732419/cat-in-the-hat,6,"Nevada > Southern Nevada > Red Rocks > Pine Creek Canyon > Mescalito > Southeast Buttress",3.1,-1,Trad,,650,1600
"Cadillac Crack",5.9,https://www.mountainproject.com/route/105732449/cadillac-crack,1,"Nevada > Southern Nevada > Red Rocks > Black Velvet Canyon > Whiskey Peak > The Rad Cliff",3.7,-1,Trad,,130,2400
"Fiddler on the Roof",5.10+,https://www.mountainproject.com/route/105732248/fiddler-on-the-roof,7,"Nevada > Southern Nevada > Red Rocks > Black Velvet Canyon > Black Velvet Wall",3.6,-1,Trad,,500,3300
"Wholesome Fullback",5.10b,https://www.mountainproject.com/route/105732467/wholesome-fullback,2,"Nevada > Southern Nevada > Red Rocks > Black Velvet Canyon > Whiskey Peak > North Face",3.5,-1,Trad,,210,2900
"Our Father","5.10c/d R",https://www.mountainproject.com/route/105732782/our-father,3,"Nevada > Southern Nevada > Red Rocks > Black Velvet Canyon > Whiskey Peak > North Face",3.7,-1,Trad,,300,3400
"Chrysler Crack",5.9,https://www.mountainproject.com/route/105887571/chrysler-crack,1,"Nevada > Southern Nevada > Red Rocks > Sandstone Quarry > Parking Lot Area > Sandy Corridor > Chrysler Crack Buttress",3.8,-1,Trad,,90,2400
"Topless Twins",5.9,https://www.mountainproject.com/route/105732362/topless-twins,1,"Nevada > Southern Nevada > Red Rocks > Pine Creek Canyon > Brass Wall",3.1,-1,Trad,,70,2400
"Mushroom People",5.10c,https://www.mountainproject.com/route/105732350/mushroom-people,1,"Nevada > Southern Nevada > Red Rocks > Pine Creek Canyon > Brass Wall",3.4,-1,Trad,,100,3200
"Straight Shooter",5.9+,https://www.mountainproject.com/route/105732428/straight-shooter,1,"Nevada > Southern Nevada > Red Rocks > Pine Creek Canyon > Straight Shooter Wall",3.6,-1,Trad,,60,2500
"Requiem for a Tadpole",5.9+,https://www.mountainproject.com/route/106121507/requiem-for-a-tadpole,5,"Nevada > Southern Nevada > Red Rocks > Juniper Canyon > Brownstone Wall",2.9,-1,Trad,,750,2500
"The Black Pearl",5.10,https://www.mountainproject.com/route/106134494/the-black-pearl,1,"Nevada > Southern Nevada > Red Rocks > Juniper Canyon > Jackrabbit Buttress",3.7,-1,Trad,,170,3000
Thagomizer,5.10,https://www.mountainproject.com/route/106194021/thagomizer,4,"Nevada > Southern Nevada > Red Rocks > Juniper Canyon > Cloud Tower",3.0,-1,Trad,,500,3000
"Refried Brains",5.9,https://www.mountainproject.com/route/105732389/refried-brains,4,"Nevada > Southern Nevada > Red Rocks > Black Velvet Canyon > Black Velvet Wall",3.1,-1,Trad,,800,2400
"The Fox",5.10+,https://www.mountainproject.com/route/105732254/the-fox,1,"Nevada > Southern Nevada > Red Rocks > Calico Basin > Red Spring > The Fox Area",3.9,-1,Trad,,140,3300
"The Nightcrawler",5.10+,https://www.mountainproject.com/route/105920684/the-nightcrawler,5,"Nevada > Southern Nevada > Red Rocks > Juniper Canyon > Brownstone Wall",3.9,-1,Trad,,550,3300
"Out of Control",5.10c,https://www.mountainproject.com/route/105888710/out-of-control,1,"Nevada > Southern Nevada > Red Rocks > Pine Creek Canyon > Out of Control Area",3.8,-1,Trad,,130,3200
J-Crack,5.9+,https://www.mountainproject.com/route/105748957/j-crack,4,"Colorado > Estes Park Valley > Lumpy Ridge > The Book > J-Crack Slab Area",3.6,-1,Trad,,,2500
"Lowe Route",5.8,https://www.mountainproject.com/route/105741137/lowe-route,3,"Utah > Wasatch Range > Central Wasatch > Lone Peak Cirque > Question Mark Wall",3.9,-1,"Trad, Alpine",,,2100
"Way Rambo",5.12-,https://www.mountainproject.com/route/105718642/way-rambo,1,"Utah > Southeast Utah > Indian Creek > Way Rambo",3.8,-1,Trad,,100,6700
"Lap Dance",5.11-,https://www.mountainproject.com/route/108855644/lap-dance,3,"Utah > Southwest Utah > Zion National Park > Mount Carmel Tunnel > Cragmont",3.7,-1,Trad,,400,4700
"Cherry Crack",5.10c,https://www.mountainproject.com/route/105792767/cherry-crack,2,"Utah > Southwest Utah > Zion National Park > Cerberus Gendarme",3.3,-1,Trad,,140,3200
"Supercrack of the Desert (aka Luxury Liner)",5.10,https://www.mountainproject.com/route/105717364/supercrack-of-the-desert-aka-luxury-liner,3,"Utah > Southeast Utah > Indian Creek > Supercrack Buttress",3.8,-1,Trad,,,3000
Scarface,5.11a/b,https://www.mountainproject.com/route/105717484/scarface,1,"Utah > Southeast Utah > Indian Creek > Scarface",3.8,-1,Trad,,,4800
"Siren's Arete",5.8,https://www.mountainproject.com/route/113882131/sirens-arete,5,"Nevada > Southern Nevada > Red Rocks > Sandstone Canyon > The Wave",3.5,-1,Trad,,600,2100
"Cat Scratch Fever",5.8,https://www.mountainproject.com/route/105795247/cat-scratch-fever,6,"Nevada > Southern Nevada > Red Rocks > Juniper Canyon > Brownstone Wall",3.0,-1,Trad,,700,2100
"Tunnel Vision",5.7,https://www.mountainproject.com/route/105732509/tunnel-vision,6,"Nevada > Southern Nevada > Red Rocks > White Rock Spring > Angel Food Area > Angel Food Wall",3.1,-1,Trad,,770,1800
"Moby Dick",5.8,https://www.mountainproject.com/route/105738239/moby-dick,6,"Arizona > Southern Arizona > Cochise Stronghold > West Stronghold > Whale Dome",3.3,-1,Trad,,700,2100
"Olive Oil",5.7,https://www.mountainproject.com/route/105732494/olive-oil,5,"Nevada > Southern Nevada > Red Rocks > Juniper Canyon > Rose Tower",3.4,-1,Trad,,600,1800
Frogland,5.8,https://www.mountainproject.com/route/105732398/frogland,6,"Nevada > Southern Nevada > Red Rocks > Black Velvet Canyon > Whiskey Peak > North Face",3.6,-1,Trad,,700,2100
Birdland,5.7+,https://www.mountainproject.com/route/105733115/birdland,6,"Nevada > Southern Nevada > Red Rocks > Pine Creek Canyon > Brass Wall",3.4,-1,Trad,,600,1900
"Solar Slab",5.6,https://www.mountainproject.com/route/105732257/solar-slab,9,"Nevada > Southern Nevada > Red Rocks > Oak Creek Canyon > Solar Slab - Upper Tier",3.5,-1,Trad,,1220,1600
"Unimpeachable Groping",5.10b,https://www.mountainproject.com/route/105732431/unimpeachable-groping,7,"Nevada > Southern Nevada > Red Rocks > Juniper Canyon > Ginger Buttress",3.5,-1,Sport,,760,2900
Midterm,5.10b,https://www.mountainproject.com/route/105915149/midterm,1,"California > Yosemite National Park > Yosemite Valley > Lower Merced River Canyon > Ad. Arch Rock",3.7,-1,Trad,,130,2900
"The Bastille Crack",5.7,https://www.mountainproject.com/route/105748490/the-bastille-crack,5,"Colorado > Boulder > Eldorado Canyon State Park > The Bastille > The Bastille - N Face",3.5,-1,Trad,,350,1800
"The Naked Edge",5.11b,https://www.mountainproject.com/route/105748786/the-naked-edge,6,"Colorado > Boulder > Eldorado Canyon State Park > Redgarden Wall > Redgarden - Tower Two",3.9,-1,Trad,,460,4900
Insomnia,5.11b/c,https://www.mountainproject.com/route/105788118/insomnia,1,"California > Tahquitz & Suicide Rocks > Suicide Rock > (l) Buttress of Cracks > Buttress of Cracks - Left Side",4.0,-1,Trad,,100,5100
"Wide Country","5.11a R",https://www.mountainproject.com/route/105760527/wide-country,2,"Colorado > Boulder > Eldorado Canyon State Park > The Bastille > The Bastille - N Face",3.3,-1,Trad,,230,4600
Rincon,5.11a,https://www.mountainproject.com/route/105748942/rincon,4,"Colorado > Boulder > Eldorado Canyon State Park > Rincon > Rincon - Center Route & R",3.5,-1,Trad,,,4600
"Take Back The Rainbow",5.10b/c,https://www.mountainproject.com/route/108818050/take-back-the-rainbow,8,"Utah > Southwest Utah > Zion National Park > The Confluence",2.3,-1,Trad,,900,3100
"Right Toilet Crack",5.10a,https://www.mountainproject.com/route/108617444/right-toilet-crack,5,"Utah > Southwest Utah > Zion National Park > Temple of Sinawava",3.1,-1,Trad,,,2600
"Iron Messiah",5.10b,https://www.mountainproject.com/route/105717823/iron-messiah,10,"Utah > Southwest Utah > Zion National Park > Spearhead",3.3,-1,Trad,,1000,2900
"Living On The Edge",5.10c,https://www.mountainproject.com/route/105718216/living-on-the-edge,4,"Utah > Southwest Utah > Saint George > Snow Canyon State Park > Island In The Sky > Aftershock Wall",3.7,-1,Trad,,450,3200
"Divine Vessel",5.11a,https://www.mountainproject.com/route/112484032/divine-vessel,1,"Arizona > Northern Arizona > The Arizona Strip > Lime Kiln Canyon > The Grail > South Wall",3.0,-1,Sport,,85,4600
"Simple Truths",5.10c,https://www.mountainproject.com/route/111590362/simple-truths,5,"Arizona > Northern Arizona > The Arizona Strip > Lime Kiln Canyon > The Sacred Trust",3.2,-1,Sport,,400,3200
"Office Party",5.10a,https://www.mountainproject.com/route/107482137/office-party,6,"Arizona > Northern Arizona > The Arizona Strip > Lime Kiln Canyon > The Sacred Trust",2.9,-1,Sport,,360,2600
Khaleesi,5.11c,https://www.mountainproject.com/route/112259660/khaleesi,1,"Arizona > Northern Arizona > The Arizona Strip > Lime Kiln Canyon > The Grail > Blue Goodness Sector",3.8,-1,Sport,,115,5200
Homeostasis,5.11b,https://www.mountainproject.com/route/112914002/homeostasis,1,"Arizona > Northern Arizona > The Arizona Strip > Lime Kiln Canyon > The Grail > South Wall",3.4,-1,Sport,,150,4900
"Atomic Indian",5.11a,https://www.mountainproject.com/route/106663255/atomic-indian,1,"Utah > Southwest Utah > Saint George > Snow Canyon State Park > The Enclosure",3.5,-1,Trad,,60,4600
"Salty Dog Arete",5.9,https://www.mountainproject.com/route/107877239/salty-dog-arete,1,"Utah > Southwest Utah > Zion National Park > The Confluence",2.5,-1,Trad,,90,2400
